,ID,y,X0
0,0,130.81,k
1,6,88.53,k
2,7,76.26,az
3,9,80.62,az
4,13,78.02,az
5,18,92.93,t
6,24,128.76,al
7,25,91.91,o
8,27,108.67,w
9,30,126.99,j
10,31,102.09,h
11,32,98.12,al
12,34,82.62,s
13,36,94.12,al
14,37,99.15,o
15,38,93.64,n
16,39,106.1,al
17,40,114.13,ay
18,44,89.81,f
19,47,90.81,n
20,48,90.56,f
21,49,94.57,t
22,50,108.14,x
23,52,120.77,x
24,54,84.84,y
25,60,93.59,o
26,61,104.07,aj
27,62,89.37,t
28,66,90.08,f
29,67,128.19,x
30,68,76.01,az
31,70,107.86,w
32,74,106.87,x
33,75,104.85,o
34,79,114.78,ak
35,80,91.56,am
36,81,98.16,aj
37,86,117.31,j
38,90,79.0,az
39,92,110.76,w
40,100,101.44,aj
41,102,91.98,o
42,106,98.08,z
43,107,139.2,w
44,108,85.44,s
45,109,110.52,x
46,112,91.44,al
47,116,91.52,s
48,118,91.59,q
49,119,108.0,at
50,124,116.59,w
51,125,93.81,al
52,127,119.44,ap
53,128,91.57,y
54,129,97.24,ay
55,130,90.11,o
56,131,94.83,ay
57,133,108.42,w
58,134,95.57,y
59,136,88.82,f
60,139,104.78,ay
61,141,87.75,y
62,143,93.27,y
63,145,111.74,ak
64,146,109.76,x
65,147,84.15,az
66,150,93.67,s
67,151,107.72,w
68,152,90.87,z
69,153,118.24,aj
70,154,89.91,t
71,158,113.4,ak
72,159,118.53,y
73,160,79.03,az
74,161,92.47,t
75,164,100.98,v
76,165,114.76,o
77,166,111.15,x
78,168,108.57,w
79,169,93.03,al
80,170,93.12,s
81,171,113.31,af
82,173,94.27,o
83,174,102.31,ay
84,175,101.59,f
85,176,110.37,j
86,177,98.84,aj
87,178,101.98,z
88,184,96.96,o
89,186,90.8,n
90,190,110.98,x
91,197,73.7,az
92,200,111.42,a
93,202,98.91,f
94,203,106.46,x
95,207,115.43,x
96,208,91.94,n
97,209,108.37,x
98,212,127.66,x
99,213,93.62,f
100,214,106.67,x
101,215,96.06,y
102,217,92.5,y
103,218,92.35,y
104,222,102.97,f
105,223,109.43,x
106,224,106.31,x
107,225,87.15,e
108,229,107.83,ai
109,232,112.75,af
110,233,89.49,y
111,234,126.17,ak
112,237,100.38,aj
113,239,95.42,y
114,240,112.39,w
115,241,92.7,z
116,246,88.78,z
117,252,105.15,aj
118,255,118.74,ak
119,260,116.61,ak
120,261,90.99,al
121,263,113.28,d
122,264,101.43,f
123,265,113.69,x
124,268,87.09,y
125,269,116.73,ak
126,270,89.02,t
127,271,102.52,v
128,274,98.68,t
129,277,91.24,y
130,278,96.88,al
131,281,90.54,k
132,282,110.96,x
133,284,88.92,y
134,286,92.36,t
135,287,102.46,aj
136,294,89.23,t
137,295,110.02,w
138,300,96.78,ay
139,301,101.66,ay
140,302,87.26,f
141,303,111.55,j
142,308,88.1,o
143,309,101.07,ay
144,310,96.41,f
145,312,92.74,o
146,315,112.44,x
147,317,105.74,x
148,318,89.1,n
149,319,108.97,x
150,320,87.65,t
151,321,116.08,ak
152,322,108.84,j
153,323,94.75,n
154,325,94.92,o
155,326,106.44,ay
156,328,108.87,x
157,331,90.68,aq
158,332,104.08,x
159,333,109.69,w
160,334,90.27,o
161,335,105.77,ay
162,336,94.17,t
163,341,97.33,d
164,342,90.33,t
165,344,105.87,ak
166,348,98.25,z
167,351,106.14,ak
168,355,90.17,y
169,356,110.91,w
170,359,108.25,ak
171,360,98.16,n
172,361,113.17,x
173,363,90.03,n
174,369,100.85,d
175,371,89.48,t
176,372,116.65,ak
177,374,99.06,v
178,375,94.02,t
179,376,110.55,at
180,379,94.8,f
181,380,105.47,ay
182,381,91.5,o
183,383,87.44,t
184,385,79.09,az
185,386,89.67,t
186,387,121.15,ak
187,388,97.81,z
188,389,99.08,aj
189,391,87.79,y
190,394,119.76,c
191,397,90.01,o
192,398,98.96,d
193,400,90.54,t
194,401,108.28,w
195,402,88.1,y
196,403,116.2,ak
197,404,90.88,ai
198,405,87.65,n
199,407,94.61,f
200,411,96.16,t
201,414,117.03,ak
202,415,91.23,s
203,416,136.41,w
204,417,91.02,z
205,418,102.89,aj
206,422,110.53,ak
207,423,102.6,t
208,424,77.36,az
209,425,113.11,ak
210,426,88.39,s
211,427,108.85,j
212,428,90.79,o
213,429,98.28,ay
214,431,109.11,h
215,432,88.82,o
216,433,146.83,x
217,435,102.58,h
218,441,115.67,v
219,442,90.54,n
220,444,87.66,k
221,445,115.25,ay
222,447,106.87,ay
223,449,128.78,af
224,450,89.86,y
225,451,132.1,w
226,454,90.73,z
227,455,134.43,aa
228,456,104.16,z
229,461,97.42,z
230,463,99.05,ba
231,466,91.16,z
232,468,103.98,d
233,469,100.29,ay
234,470,99.35,o
235,474,106.19,x
236,476,109.3,d
237,477,108.46,w
238,478,118.45,ba
239,479,101.26,aj
240,481,116.5,v
241,482,88.21,t
242,483,114.46,ap
243,484,96.97,o
244,485,97.91,f
245,486,108.43,x
246,487,90.38,n
247,489,90.19,n
248,494,122.69,w
249,495,90.47,y
250,496,110.56,ak
251,503,91.01,y
252,504,122.24,ak
253,505,150.43,t
254,507,90.82,z
255,508,100.98,ay
256,509,89.85,o
257,513,107.9,j
258,514,90.92,t
259,515,109.1,ak
260,517,112.38,ap
261,520,88.42,y
262,523,87.58,z
263,524,106.4,ak
264,525,89.81,s
265,527,91.22,z
266,528,76.64,az
267,530,111.75,w
268,531,95.04,y
269,534,111.31,ak
270,535,92.23,y
271,538,111.77,ap
272,542,121.19,x
273,544,99.56,d
274,545,89.4,z
275,549,90.93,y
276,550,112.54,ak
277,553,99.05,z
278,554,108.75,v
279,555,104.56,ba
280,561,92.94,f
281,563,89.94,o
282,564,102.06,s
283,565,108.31,w
284,567,110.21,ak
285,568,88.45,s
286,569,87.05,y
287,574,89.59,n
288,578,109.94,w
289,582,95.99,f
290,583,119.51,d
291,584,105.23,z
292,585,104.32,aj
293,586,91.26,t
294,587,76.59,az
295,588,87.25,z
296,590,90.52,f
297,592,92.62,o
298,596,114.34,j
299,597,108.43,ak
300,599,117.52,ak
301,600,94.95,y
302,601,90.67,t
303,603,90.39,y
304,605,89.03,t
305,607,107.67,d
306,611,91.82,n
307,612,111.08,ap
308,613,89.44,z
309,614,99.48,aj
310,615,94.85,ai
311,619,99.82,f
312,621,91.65,o
313,625,89.41,s
314,627,89.17,y
315,631,88.59,z
316,632,107.45,as
317,633,85.76,s
318,634,113.98,i
319,635,87.81,n
320,636,113.36,x
321,639,74.0,az
322,640,92.92,t
323,641,106.06,w
324,642,91.96,z
325,644,102.7,aj
326,647,90.27,s
327,649,100.56,aj
328,650,89.05,t
329,651,120.18,w
330,655,86.98,y
331,658,110.49,af
332,661,93.08,t
333,662,112.49,ap
334,665,94.12,t
335,667,88.69,z
336,670,104.38,aj
337,672,115.07,w
338,673,92.03,s
339,674,106.97,ak
340,676,116.04,af
341,680,91.63,z
342,681,169.91,aa
343,683,103.67,ak
344,684,98.52,t
345,686,109.48,ay
346,689,96.03,n
347,690,107.16,j
348,691,94.09,y
349,692,87.27,n
350,694,105.35,x
351,695,97.75,d
352,697,104.74,ay
353,699,91.62,y
354,700,115.5,w
355,702,102.66,aj
356,703,92.48,z
357,706,99.05,z
358,707,102.0,aj
359,708,100.32,v
360,713,74.28,az
361,718,112.35,j
362,719,92.58,f
363,722,116.59,j
364,723,100.64,f
365,727,95.38,n
366,729,84.65,n
367,730,112.67,x
368,732,73.34,az
369,733,94.11,t
370,735,95.13,n
371,736,108.43,x
372,737,89.23,f
373,739,112.19,ap
374,740,91.02,f
375,741,108.27,j
376,742,87.9,n
377,743,109.16,at
378,744,99.48,f
379,747,110.35,j
380,748,91.53,f
381,749,106.63,x
382,750,88.79,n
383,752,98.24,t
384,753,109.99,ak
385,755,107.74,w
386,757,109.73,ak
387,760,91.04,y
388,762,95.1,e
389,763,105.21,x
390,764,87.51,o
391,765,99.7,aj
392,775,91.44,y
393,778,122.47,as
394,779,97.76,y
395,781,88.07,f
396,783,105.85,o
397,784,117.49,d
398,785,97.69,o
399,786,92.91,f
400,789,77.14,az
401,790,91.21,s
402,791,107.76,ak
403,794,93.98,ba
404,795,97.36,aj
405,796,102.49,z
406,797,112.46,aj
407,799,114.61,af
408,801,108.93,x
409,802,88.58,n
410,803,111.92,x
411,804,94.51,f
412,805,100.39,ay
413,807,90.87,f
414,808,93.21,z
415,810,116.16,z
416,813,108.08,ak
417,815,98.01,o
418,819,90.84,f
419,821,93.67,n
420,822,136.47,x
421,824,77.31,az
422,825,103.46,y
423,826,107.37,ak
424,827,88.99,t
425,828,128.05,ak
426,832,112.66,w
427,833,90.16,y
428,835,92.2,t
429,836,154.87,ak
430,837,94.14,y
431,838,111.7,r
432,840,89.99,z
433,842,98.45,ay
434,843,88.72,o
435,846,99.98,n
436,847,103.98,x
437,849,108.19,x
438,853,110.1,ak
439,857,93.14,o
440,858,100.21,o
441,860,88.91,t
442,862,85.97,y
443,863,122.45,ak
444,868,112.2,w
445,870,106.16,w
446,873,89.66,n
447,874,90.41,o
448,875,101.42,ay
449,876,89.52,z
450,877,111.74,v
451,878,91.45,ai
452,879,77.69,az
453,880,117.81,x
454,881,87.97,o
455,884,99.17,h
456,886,93.59,z
457,887,104.07,ay
458,889,98.57,ay
459,890,101.19,o
460,891,108.24,ay
461,892,90.06,aq
462,894,92.79,o
463,895,100.95,ay
464,896,90.76,f
465,897,119.99,ay
466,898,78.25,az
467,899,110.63,ay
468,900,87.28,f
469,902,89.1,o
470,906,95.6,z
471,907,108.85,w
472,908,88.47,y
473,909,110.33,ak
474,912,87.65,s
475,913,89.75,z
476,915,113.87,s
477,916,108.53,w
478,917,96.48,y
479,919,94.88,ba
480,920,111.47,w
481,922,116.6,ap
482,923,103.54,e
483,924,107.86,j
484,925,118.83,w
485,926,87.28,y
486,927,129.0,af
487,930,92.38,z
488,931,107.35,ak
489,936,94.65,z
490,938,118.18,ay
491,945,116.34,j
492,946,99.94,n
493,948,101.02,o
494,950,91.99,n
495,955,97.47,t
496,956,112.42,w
497,958,110.2,a
498,961,93.41,s
499,962,113.88,ak
500,964,92.88,n
501,966,107.68,z
502,968,88.57,t
503,969,90.03,z
504,970,112.59,w
505,976,101.11,aj
506,977,93.02,z
507,979,88.06,y
508,982,99.51,aj
509,983,90.77,b
510,985,89.79,y
511,987,79.99,az
512,991,93.4,o
513,993,113.68,aj
514,994,94.35,z
515,995,116.87,aj
516,997,112.94,ap
517,998,92.4,y
518,1005,107.12,ak
519,1006,100.42,t
520,1007,87.63,z
521,1011,91.02,t
522,1017,87.53,n
523,1018,134.26,at
524,1023,106.59,ax
525,1026,121.64,ak
526,1031,104.73,ay
527,1032,90.46,o
528,1034,88.98,s
529,1035,116.03,ap
530,1039,90.34,o
531,1040,101.97,ay
532,1041,104.25,ay
533,1046,93.74,y
534,1048,94.44,aq
535,1049,102.33,d
536,1052,100.07,o
537,1053,101.66,ay
538,1055,99.55,ay
539,1058,113.4,x
540,1060,97.17,z
541,1061,109.67,ak
542,1065,109.16,ak
543,1067,106.5,ay
544,1068,111.15,i
545,1069,92.83,t
546,1071,97.57,z
547,1072,111.52,w
548,1073,89.6,t
549,1074,105.09,aj
550,1075,90.79,z
551,1079,90.54,y
552,1081,95.92,n
553,1084,111.41,ay
554,1085,97.3,o
555,1086,106.81,x
556,1087,92.22,n
557,1088,111.04,j
558,1090,96.35,h
559,1092,98.93,ay
560,1094,114.94,x
561,1095,89.02,s
562,1096,113.07,ak
563,1098,107.61,w
564,1100,104.73,ak
565,1102,80.01,az
566,1105,88.6,y
567,1107,88.2,f
568,1108,115.92,x
569,1113,91.2,n
570,1115,109.91,x
571,1118,94.0,f
572,1119,108.23,x
573,1121,75.86,az
574,1122,95.69,ay
575,1123,91.16,t
576,1127,95.56,t
577,1128,107.54,w
578,1129,89.6,z
579,1130,101.0,aj
580,1131,90.28,t
581,1132,108.32,w
582,1133,92.29,y
583,1135,95.03,t
584,1136,114.39,ax
585,1139,104.52,b
586,1140,126.68,x
587,1141,94.56,n
588,1142,111.41,ap
589,1143,93.81,n
590,1147,107.48,x
591,1149,73.4,bc
592,1151,113.93,w
593,1156,111.88,j
594,1158,91.56,o
595,1159,103.75,h
596,1160,90.76,f
597,1161,113.33,x
598,1163,97.9,t
599,1164,108.92,v
600,1170,90.86,t
601,1175,113.75,af
602,1179,105.43,ak
603,1180,92.01,z
604,1181,111.21,t
605,1183,93.65,y
606,1184,110.44,ak
607,1185,119.71,ak
608,1190,104.29,o
609,1193,111.45,x
610,1194,88.3,n
611,1195,108.53,x
612,1196,91.96,f
613,1199,104.67,x
614,1202,109.36,w
615,1204,98.78,v
616,1205,114.85,t
617,1206,113.12,ak
618,1207,93.9,y
619,1208,86.56,o
620,1210,90.23,s
621,1211,105.76,ak
622,1212,96.6,z
623,1213,128.25,t
624,1215,118.31,z
625,1216,110.11,ak
626,1217,123.89,t
627,1219,100.97,aj
628,1220,89.44,t
629,1221,109.04,ak
630,1223,116.87,x
631,1224,91.82,o
632,1225,102.49,d
633,1227,99.46,ay
634,1229,112.71,ak
635,1231,111.54,x
636,1234,113.08,j
637,1235,89.97,o
638,1237,101.11,aj
639,1239,90.05,n
640,1240,108.41,x
641,1242,87.1,n
642,1243,101.47,o
643,1245,107.51,w
644,1248,97.03,t
645,1249,88.26,z
646,1252,112.61,ak
647,1253,124.37,al
648,1261,131.56,ay
649,1262,95.49,f
650,1264,95.75,n
651,1265,106.72,j
652,1266,117.85,o
653,1269,113.64,o
654,1270,103.88,ay
655,1273,94.29,f
656,1278,107.94,x
657,1280,113.68,x
658,1284,88.78,t
659,1287,129.19,ak
660,1288,91.3,y
661,1290,90.52,s
662,1291,93.62,y
663,1292,105.87,ak
664,1293,90.95,t
665,1294,112.5,ak
666,1295,89.89,al
667,1297,97.33,t
668,1298,130.97,ak
669,1300,74.53,az
670,1302,113.62,ak
671,1303,94.95,al
672,1304,108.21,ak
673,1305,90.39,ba
674,1309,118.17,j
675,1310,90.38,y
676,1311,122.4,ax
677,1312,89.83,t
678,1318,111.66,at
679,1320,114.28,x
680,1321,93.38,n
681,1322,147.72,x
682,1326,76.81,az
683,1327,115.73,a
684,1333,96.0,z
685,1334,100.49,aj
686,1335,93.12,t
687,1336,94.71,ay
688,1341,88.38,z
689,1342,74.2,az
690,1344,103.9,y
691,1345,109.53,ak
692,1346,101.39,z
693,1350,119.57,o
694,1351,108.47,x
695,1353,107.22,x
696,1355,77.42,az
697,1356,87.07,s
698,1357,132.59,ak
699,1358,90.66,y
700,1361,110.71,v
701,1362,91.35,n
702,1367,108.68,j
703,1368,90.73,u
704,1369,105.31,ay
705,1370,91.44,o
706,1371,110.54,j
707,1373,79.81,az
708,1374,110.24,o
709,1377,85.82,y
710,1382,124.17,ap
711,1383,100.77,y
712,1385,91.61,ai
713,1386,114.37,w
714,1389,89.73,t
715,1390,110.49,ak
716,1391,97.99,y
717,1393,87.61,t
718,1397,94.6,n
719,1402,111.44,x
720,1405,91.62,n
721,1409,99.22,n
722,1411,87.07,t
723,1414,101.44,ay
724,1416,87.71,n
725,1417,111.54,x
726,1418,112.78,ap
727,1419,92.59,o
728,1421,87.65,e
729,1428,109.93,ak
730,1433,92.65,t
731,1435,89.74,n
732,1436,117.08,x
733,1439,89.56,o
734,1443,78.19,az
735,1447,105.96,j
736,1449,94.36,n
737,1450,108.9,x
738,1451,88.55,k
739,1452,107.75,x
740,1457,88.9,n
741,1460,118.27,x
742,1462,113.15,x
743,1463,82.2,az
744,1464,111.5,x
745,1467,90.46,s
746,1468,108.56,af
747,1470,99.15,aj
748,1471,113.35,j
749,1473,110.53,ap
750,1475,119.24,j
751,1476,93.26,n
752,1478,115.62,n
753,1480,97.29,o
754,1481,111.48,x
755,1484,110.48,x
756,1485,89.5,o
757,1486,99.52,h
758,1489,91.52,y
759,1491,88.81,y
760,1493,88.93,y
761,1495,97.99,o
762,1498,112.95,ak
763,1500,101.06,v
764,1501,98.97,z
765,1503,117.07,x
766,1504,88.03,ad
767,1505,107.45,x
768,1506,90.9,n
769,1510,91.39,f
770,1515,88.49,o
771,1516,101.7,ay
772,1517,89.91,o
773,1520,121.23,ak
774,1521,93.11,s
775,1523,105.35,z
776,1525,101.49,z
777,1526,108.54,aj
778,1528,111.48,ak
779,1530,109.92,ak
780,1531,103.59,ba
781,1533,93.43,z
782,1534,116.02,ak
783,1535,100.25,s
784,1538,98.04,o
785,1540,93.47,o
786,1541,97.95,ay
787,1546,90.65,o
788,1547,107.71,h
789,1548,85.98,o
790,1549,111.02,ay
791,1552,87.87,n
792,1553,95.71,o
793,1555,96.51,f
794,1557,91.68,z
795,1558,111.02,ak
796,1561,114.26,ay
797,1563,113.93,ak
798,1564,98.28,s
799,1565,115.42,af
800,1568,95.22,t
801,1572,102.13,y
802,1573,111.25,w
803,1575,109.19,x
804,1576,93.72,o
805,1577,107.62,ay
806,1579,76.27,az
807,1581,118.9,ak
808,1582,90.62,t
809,1589,110.23,w
810,1591,97.02,o
811,1593,90.39,f
812,1594,105.66,x
813,1595,95.71,n
814,1597,93.82,n
815,1600,109.19,x
816,1601,95.0,o
817,1602,100.59,d
818,1603,89.6,z
819,1605,109.64,z
820,1610,110.64,au
821,1612,104.62,ay
822,1614,92.53,z
823,1615,121.79,ak
824,1617,123.68,ay
825,1618,94.11,t
826,1623,110.58,ay
827,1624,93.8,o
828,1626,100.83,ay
829,1628,121.18,n
830,1630,94.67,o
831,1631,87.47,z
832,1632,105.3,v
833,1633,89.65,t
834,1635,78.4,az
835,1637,105.03,z
836,1640,113.41,ak
837,1642,99.51,ay
838,1649,122.2,aj
839,1650,90.78,t
840,1651,113.02,ak
841,1654,94.41,t
842,1655,82.24,az
843,1657,110.64,x
844,1660,97.32,n
845,1662,101.43,ay
846,1671,140.49,x
847,1673,89.41,s
848,1675,114.91,ak
849,1676,112.54,t
850,1681,76.99,az
851,1682,88.26,z
852,1684,109.58,z
853,1685,104.53,v
854,1688,91.21,n
855,1694,111.1,x
856,1698,88.12,f
857,1699,101.46,ay
858,1705,88.88,z
859,1709,101.76,ay
860,1712,87.71,ba
861,1714,98.13,z
862,1715,98.93,aj
863,1716,92.12,t
864,1718,108.15,j
865,1721,104.2,d
866,1723,126.52,ay
867,1724,91.11,o
868,1728,95.1,ba
869,1732,91.58,t
870,1736,116.02,z
871,1737,97.57,ay
872,1739,107.36,ak
873,1740,109.77,ay
874,1741,114.25,ap
875,1743,104.42,aj
876,1744,91.16,z
877,1746,119.02,ak
878,1748,100.42,aj
879,1750,109.39,ak
880,1757,91.19,m
881,1765,107.24,v
882,1767,114.32,ak
883,1770,265.32,y
884,1776,93.02,y
885,1778,90.22,y
886,1781,105.45,f
887,1782,112.38,j
888,1783,94.87,z
889,1784,158.53,aj
890,1785,114.51,t
891,1786,127.91,ak
892,1789,99.48,aj
893,1791,129.32,ay
894,1792,83.42,az
895,1793,118.44,t
896,1794,111.9,w
897,1795,91.37,y
898,1797,86.93,ai
899,1798,112.51,r
900,1799,141.31,x
901,1800,102.87,e
902,1802,106.79,ak
903,1804,99.18,ay
904,1805,92.4,f
905,1806,108.57,a
906,1808,95.64,y
907,1810,89.6,z
908,1811,98.95,aj
909,1817,108.65,x
910,1819,110.87,at
911,1823,108.36,x
912,1824,78.5,az
913,1827,101.98,aj
914,1829,106.56,w
915,1830,88.38,t
916,1832,89.96,z
917,1833,113.56,ap
918,1834,112.09,w
919,1835,92.32,y
920,1838,99.78,ay
921,1839,92.38,o
922,1840,104.19,x
923,1842,98.01,ay
924,1843,78.47,az
925,1845,91.78,t
926,1846,108.38,w
927,1847,105.4,w
928,1849,99.0,ay
929,1850,87.13,o
930,1855,107.48,j
931,1857,100.77,h
932,1858,92.95,o
933,1862,87.21,t
934,1864,100.35,v
935,1869,106.19,ak
936,1870,90.04,y
937,1871,123.31,ak
938,1873,117.89,ap
939,1874,88.64,al
940,1875,110.54,w
941,1876,93.76,y
942,1877,117.3,i
943,1878,101.2,o
944,1881,98.17,z
945,1883,99.91,v
946,1884,94.29,z
947,1886,91.63,t
948,1889,107.59,x
949,1891,90.71,y
950,1892,107.36,ak
951,1893,91.21,y
952,1898,90.4,t
953,1899,91.27,y
954,1903,90.32,y
955,1904,108.82,w
956,1907,93.75,al
957,1908,108.49,ak
958,1909,88.34,y
959,1910,120.17,ap
960,1911,87.21,f
961,1913,93.42,o
962,1914,108.34,i
963,1919,90.35,ai
964,1921,88.71,y
965,1922,110.7,ak
966,1926,115.73,r
967,1927,88.24,s
968,1928,110.12,w
969,1929,89.97,y
970,1931,100.28,y
971,1936,114.35,r
972,1937,92.55,t
973,1938,115.22,w
974,1939,93.83,y
975,1946,94.39,o
976,1947,96.83,f
977,1950,90.96,o
978,1951,111.89,h
979,1953,113.39,at
980,1956,107.13,f
981,1957,125.03,x
982,1961,90.43,f
983,1962,101.58,ay
984,1964,103.57,ay
985,1966,107.99,aj
986,1967,102.39,z
987,1970,113.74,ay
988,1974,106.57,w
989,1976,107.48,w
990,1980,106.52,ak
991,1983,100.62,z
992,1984,101.33,ay
993,1985,108.68,at
994,1986,90.04,y
995,1989,140.15,x
996,1990,94.64,t
997,1991,114.53,n
998,1992,137.44,j
999,1994,110.24,ay
1000,1995,91.49,o
1001,1996,106.0,h
1002,1998,104.97,w
1003,2000,107.13,h
1004,2005,95.62,s
1005,2008,95.04,o
1006,2011,88.96,m
1007,2012,101.66,h
1008,2014,104.37,h
1009,2015,99.72,t
1010,2016,105.43,v
1011,2017,125.06,z
1012,2019,89.43,z
1013,2020,108.37,x
1014,2021,89.0,f
1015,2023,99.06,l
1016,2027,89.29,f
1017,2028,115.13,ap
1018,2029,92.73,o
1019,2034,108.88,w
1020,2038,98.56,s
1021,2039,108.64,x
1022,2041,99.51,h
1023,2042,89.83,z
1024,2045,92.63,z
1025,2047,105.53,z
1026,2048,108.99,w
1027,2049,90.1,y
1028,2050,117.98,x
1029,2051,89.65,az
1030,2052,88.1,t
1031,2053,99.56,y
1032,2057,85.48,o
1033,2058,140.41,x
1034,2061,115.81,af
1035,2064,89.75,al
1036,2065,144.36,x
1037,2068,93.78,al
1038,2069,89.06,az
1039,2070,88.26,t
1040,2071,105.53,ak
1041,2077,116.21,w
1042,2078,90.59,y
1043,2079,115.15,ap
1044,2081,108.36,w
1045,2083,109.45,w
1046,2084,93.92,t
1047,2086,91.07,n
1048,2088,93.96,y
1049,2089,76.22,az
1050,2090,93.6,s
1051,2094,97.0,m
1052,2095,102.76,ay
1053,2096,94.11,o
1054,2097,99.2,h
1055,2099,100.55,d
1056,2100,90.69,o
1057,2104,89.94,z
1058,2108,93.34,al
1059,2109,122.09,ak
1060,2111,154.43,w
1061,2112,88.26,y
1062,2113,106.39,ak
1063,2116,89.39,t
1064,2121,106.23,w
1065,2124,87.54,o
1066,2125,99.58,ay
1067,2130,99.03,y
1068,2131,97.22,ay
1069,2133,108.74,x
1070,2134,93.41,o
1071,2136,90.7,o
1072,2137,104.93,aj
1073,2140,97.94,al
1074,2143,98.11,ay
1075,2144,95.77,o
1076,2145,128.78,j
1077,2147,128.14,h
1078,2148,90.09,t
1079,2149,87.31,az
1080,2150,97.43,al
1081,2152,93.38,t
1082,2153,102.63,v
1083,2154,96.08,z
1084,2155,105.65,af
1085,2156,91.39,t
1086,2158,93.11,l
1087,2160,87.06,f
1088,2161,99.52,h
1089,2163,106.08,ay
1090,2165,89.02,al
1091,2166,106.67,w
1092,2169,89.0,y
1093,2170,111.85,as
1094,2172,117.36,x
1095,2176,106.81,ak
1096,2177,128.36,j
1097,2179,101.97,ay
1098,2181,119.08,h
1099,2182,90.18,b
1100,2183,128.1,w
1101,2184,92.33,y
1102,2186,119.01,a
1103,2187,94.81,s
1104,2188,79.22,az
1105,2191,103.41,o
1106,2193,89.74,u
1107,2195,90.64,n
1108,2196,111.86,j
1109,2197,112.51,o
1110,2198,109.78,ap
1111,2199,94.55,s
1112,2202,93.95,t
1113,2206,97.41,y
1114,2207,115.82,ap
1115,2208,96.23,y
1116,2210,98.59,t
1117,2211,97.46,aj
1118,2212,90.49,z
1119,2217,74.54,az
1120,2221,106.82,ak
1121,2224,115.95,ad
1122,2227,121.03,ap
1123,2228,87.98,n
1124,2229,113.88,j
1125,2231,118.18,ay
1126,2232,100.9,o
1127,2238,108.39,ay
1128,2239,87.53,o
1129,2242,111.02,x
1130,2243,91.38,f
1131,2244,118.42,j
1132,2245,93.39,y
1133,2246,111.11,ap
1134,2247,88.8,o
1135,2251,103.03,y
1136,2255,90.57,s
1137,2257,109.63,ak
1138,2260,94.81,f
1139,2261,101.23,d
1140,2263,93.48,m
1141,2264,149.63,ap
1142,2267,88.62,o
1143,2268,99.68,d
1144,2270,118.23,ay
1145,2272,116.3,ak
1146,2276,104.92,ax
1147,2278,122.72,ak
1148,2281,107.28,x
1149,2284,88.41,z
1150,2285,97.89,aw
1151,2286,88.95,t
1152,2287,109.68,ak
1153,2290,100.16,ay
1154,2293,96.41,z
1155,2294,99.66,aj
1156,2295,88.51,ba
1157,2296,101.0,v
1158,2302,73.59,az
1159,2303,100.12,ay
1160,2307,103.01,ay
1161,2310,111.74,ap
1162,2313,97.72,o
1163,2314,111.31,x
1164,2315,89.51,l
1165,2317,91.33,ai
1166,2318,106.31,ak
1167,2319,89.19,az
1168,2320,92.04,t
1169,2323,114.88,ak
1170,2324,89.7,z
1171,2327,108.88,ak
1172,2328,91.79,al
1173,2336,93.65,y
1174,2339,100.81,y
1175,2341,106.19,w
1176,2343,122.65,ak
1177,2344,99.98,t
1178,2346,110.03,j
1179,2347,88.98,f
1180,2348,106.18,x
1181,2350,88.57,t
1182,2353,108.12,w
1183,2356,100.37,o
1184,2359,110.58,at
1185,2362,88.92,n
1186,2363,116.0,j
1187,2365,83.98,az
1188,2367,114.12,aw
1189,2368,88.29,t
1190,2372,92.96,n
1191,2375,122.4,ap
1192,2377,93.62,y
1193,2379,101.71,aj
1194,2380,90.89,z
1195,2381,108.52,w
1196,2384,114.26,ak
1197,2385,91.21,z
1198,2388,121.27,w
1199,2391,121.28,ap
1200,2393,90.37,l
1201,2394,98.58,ay
1202,2395,88.69,aq
1203,2396,160.87,j
1204,2397,94.16,n
1205,2403,150.89,x
1206,2405,111.5,au
1207,2406,100.75,f
1208,2410,92.7,ad
1209,2411,113.39,x
1210,2414,99.16,aj
1211,2416,104.18,v
1212,2417,97.7,z
1213,2418,101.18,aj
1214,2419,90.49,t
1215,2421,108.48,x
1216,2424,93.29,o
1217,2425,100.5,ay
1218,2427,108.76,aj
1219,2428,93.97,t
1220,2429,110.21,v
1221,2430,88.34,y
1222,2431,123.24,ak
1223,2433,107.35,ak
1224,2437,90.25,y
1225,2439,88.92,z
1226,2441,95.24,y
1227,2442,115.22,j
1228,2445,105.65,x
1229,2446,90.86,m
1230,2448,112.97,o
1231,2449,114.8,ay
1232,2451,102.91,ay
1233,2452,98.33,z
1234,2453,87.95,az
1235,2456,91.85,z
1236,2457,101.64,aj
1237,2458,133.36,t
1238,2461,87.82,n
1239,2462,114.56,at
1240,2464,108.52,j
1241,2466,109.03,x
1242,2467,88.16,t
1243,2470,103.91,ak
1244,2471,88.01,t
1245,2472,109.91,w
1246,2473,108.06,af
1247,2475,110.17,x
1248,2476,88.15,n
1249,2477,118.14,ap
1250,2479,122.51,x
1251,2482,96.14,ay
1252,2483,100.92,o
1253,2484,106.03,j
1254,2485,106.35,aj
1255,2486,89.41,t
1256,2487,92.13,z
1257,2488,99.83,d
1258,2491,96.05,o
1259,2493,105.97,ak
1260,2494,87.16,y
1261,2495,110.47,j
1262,2498,90.13,ai
1263,2499,99.24,aj
1264,2501,86.6,z
1265,2502,106.05,i
1266,2503,105.03,m
1267,2504,98.95,ay
1268,2506,112.57,w
1269,2511,152.32,s
1270,2512,106.09,w
1271,2514,111.31,x
1272,2516,134.21,ay
1273,2517,88.61,m
1274,2522,92.8,z
1275,2524,78.45,az
1276,2526,115.82,w
1277,2527,87.37,y
1278,2528,87.05,b
1279,2531,139.08,x
1280,2532,93.93,n
1281,2534,88.18,o
1282,2536,76.86,az
1283,2537,89.85,z
1284,2539,90.44,o
1285,2540,111.58,ay
1286,2541,109.26,o
1287,2542,106.31,h
1288,2543,92.21,m
1289,2545,91.38,y
1290,2546,113.43,ak
1291,2547,91.35,t
1292,2548,112.48,ak
1293,2549,97.99,y
1294,2550,105.18,x
1295,2551,76.64,az
1296,2552,108.19,t
1297,2554,100.1,z
1298,2555,113.34,aj
1299,2557,104.37,ak
1300,2566,94.09,f
1301,2568,76.18,az
1302,2569,98.39,ay
1303,2570,84.85,o
1304,2571,111.03,ay
1305,2573,109.87,x
1306,2574,114.89,j
1307,2581,112.8,ap
1308,2584,134.04,ak
1309,2585,96.69,z
1310,2586,105.51,aj
1311,2588,129.16,y
1312,2592,95.94,ai
1313,2593,111.55,ak
1314,2595,113.03,w
1315,2596,91.1,s
1316,2601,94.39,o
1317,2605,99.26,o
1318,2609,111.47,j
1319,2610,103.72,aj
1320,2611,87.81,z
1321,2612,93.77,s
1322,2616,88.63,k
1323,2618,95.33,y
1324,2619,107.47,at
1325,2621,105.8,ak
1326,2622,85.23,t
1327,2625,106.27,ak
1328,2626,94.83,s
1329,2628,88.36,y
1330,2631,110.16,w
1331,2633,101.74,aw
1332,2634,92.64,z
1333,2635,107.82,w
1334,2637,108.73,z
1335,2638,101.96,aj
1336,2641,91.67,z
1337,2643,92.3,t
1338,2645,90.05,o
1339,2648,108.03,ak
1340,2651,88.57,o
1341,2654,88.14,am
1342,2656,88.6,t
1343,2658,85.92,n
1344,2660,96.85,f
1345,2661,106.13,x
1346,2666,111.49,t
1347,2667,110.76,ak
1348,2668,92.22,y
1349,2669,142.71,ak
1350,2673,108.51,af
1351,2674,92.09,z
1352,2676,113.82,k
1353,2678,96.82,n
1354,2680,100.97,o
1355,2681,102.04,ay
1356,2682,89.38,ba
1357,2686,77.42,az
1358,2687,90.67,z
1359,2691,95.59,o
1360,2692,110.23,ay
1361,2695,91.24,al
1362,2696,110.07,ak
1363,2698,91.55,o
1364,2700,103.82,aj
1365,2701,103.32,t
1366,2702,113.86,w
1367,2704,107.65,af
1368,2706,93.55,z
1369,2707,109.69,ax
1370,2708,88.02,y
1371,2716,118.06,ak
1372,2719,90.96,y
1373,2722,98.57,aw
1374,2723,91.62,z
1375,2724,94.8,ai
1376,2725,75.26,az
1377,2727,107.5,v
1378,2729,97.86,aj
1379,2730,90.6,o
1380,2733,111.41,ap
1381,2735,89.69,f
1382,2740,89.11,y
1383,2741,75.79,az
1384,2742,87.58,t
1385,2743,103.31,aj
1386,2744,92.82,z
1387,2745,104.34,aj
1388,2747,109.25,j
1389,2748,88.79,l
1390,2750,94.02,o
1391,2754,98.32,ay
1392,2755,90.13,o
1393,2756,105.95,o
1394,2761,88.17,y
1395,2763,89.38,t
1396,2766,90.68,t
1397,2767,98.44,ay
1398,2768,99.6,o
1399,2770,94.57,y
1400,2772,87.24,t
1401,2773,123.17,ap
1402,2775,110.24,j
1403,2780,97.26,s
1404,2781,105.96,ak
1405,2783,78.01,az
1406,2785,108.33,ak
1407,2786,100.87,y
1408,2788,108.57,c
1409,2790,88.55,t
1410,2791,114.83,ap
1411,2793,99.93,ay
1412,2794,93.57,o
1413,2795,109.12,x
1414,2796,94.84,f
1415,2797,100.75,d
1416,2803,106.84,ak
1417,2805,117.35,aj
1418,2806,92.98,z
1419,2810,90.0,y
1420,2813,106.58,x
1421,2815,115.39,ak
1422,2819,106.32,aq
1423,2825,107.61,ax
1424,2827,88.69,z
1425,2828,107.15,w
1426,2830,107.66,ak
1427,2831,135.29,s
1428,2832,95.76,y
1429,2833,108.3,ak
1430,2836,101.25,ay
1431,2837,91.03,o
1432,2843,114.1,x
1433,2844,93.87,n
1434,2845,89.55,ad
1435,2847,100.32,aj
1436,2852,110.32,j
1437,2855,88.87,s
1438,2856,118.61,as
1439,2857,87.25,z
1440,2859,91.32,s
1441,2860,115.75,ak
1442,2862,97.27,ay
1443,2863,80.53,az
1444,2869,87.0,y
1445,2871,90.0,t
1446,2872,110.29,ak
1447,2873,91.9,y
1448,2874,106.65,x
1449,2875,94.26,o
1450,2876,97.47,h
1451,2879,89.26,y
1452,2881,100.57,t
1453,2886,100.63,ao
1454,2894,111.1,x
1455,2895,91.98,t
1456,2896,115.22,w
1457,2897,112.88,al
1458,2902,73.15,az
1459,2903,167.45,ai
1460,2904,109.7,ak
1461,2905,90.88,y
1462,2906,108.35,ak
1463,2907,90.41,t
1464,2908,96.61,aj
1465,2912,87.99,n
1466,2915,74.1,az
1467,2916,92.91,t
1468,2917,111.09,ak
1469,2924,93.03,o
1470,2928,87.63,z
1471,2930,87.56,s
1472,2931,76.96,bc
1473,2932,108.06,ak
1474,2935,98.51,y
1475,2937,92.34,f
1476,2938,114.92,x
1477,2939,89.67,n
1478,2940,115.64,ap
1479,2944,90.69,z
1480,2946,91.35,t
1481,2947,91.0,y
1482,2948,96.87,t
1483,2949,110.44,w
1484,2952,91.07,y
1485,2957,115.6,ap
1486,2958,91.53,t
1487,2959,101.79,aj
1488,2961,111.85,r
1489,2965,88.93,t
1490,2970,128.35,j
1491,2973,98.81,ay
1492,2976,90.32,n
1493,2978,119.87,w
1494,2979,104.51,s
1495,2982,112.0,au
1496,2988,100.07,aj
1497,2993,93.0,am
1498,2994,108.31,ak
1499,2997,94.18,o
1500,2998,119.03,h
1501,2999,93.4,aq
1502,3000,101.13,h
1503,3001,93.32,o
1504,3003,92.21,e
1505,3007,102.3,aj
1506,3008,92.63,t
1507,3009,75.82,az
1508,3012,96.98,o
1509,3013,106.33,j
1510,3019,107.98,j
1511,3020,91.32,o
1512,3022,73.45,az
1513,3023,94.6,k
1514,3025,91.11,o
1515,3026,90.41,y
1516,3027,116.57,ak
1517,3029,108.96,ak
1518,3031,127.06,ap
1519,3033,95.74,ay
1520,3034,96.28,o
1521,3035,105.53,ao
1522,3036,76.8,az
1523,3037,86.83,s
1524,3038,127.19,ak
1525,3042,127.27,af
1526,3045,87.85,al
1527,3047,91.07,o
1528,3048,109.61,i
1529,3049,90.82,n
1530,3050,125.26,ap
1531,3051,86.15,t
1532,3052,81.08,az
1533,3053,86.72,z
1534,3054,110.15,x
1535,3057,101.0,n
1536,3060,92.81,y
1537,3062,93.58,o
1538,3064,103.45,f
1539,3065,111.45,x
1540,3070,108.13,ak
1541,3071,106.62,y
1542,3075,108.42,w
1543,3076,96.17,s
1544,3078,111.42,w
1545,3079,89.59,y
1546,3080,89.97,t
1547,3081,110.47,ak
1548,3083,75.89,az
1549,3086,90.72,y
1550,3087,94.08,ba
1551,3089,132.6,o
1552,3090,114.53,i
1553,3095,96.45,o
1554,3099,110.9,z
1555,3100,108.94,w
1556,3101,93.6,al
1557,3103,111.15,ay
1558,3104,90.66,t
1559,3105,106.54,ak
1560,3107,125.91,ak
1561,3108,114.65,af
1562,3110,109.75,w
1563,3114,120.91,ak
1564,3118,110.43,ak
1565,3119,113.14,ay
1566,3120,89.9,o
1567,3128,90.35,u
1568,3131,89.61,t
1569,3133,91.15,z
1570,3136,110.57,h
1571,3139,119.3,aj
1572,3141,102.42,aj
1573,3142,113.71,w
1574,3143,92.39,y
1575,3153,106.28,h
1576,3154,77.86,az
1577,3157,90.44,n
1578,3158,111.31,x
1579,3160,110.33,ak
1580,3164,103.47,aj
1581,3166,112.06,x
1582,3167,75.51,az
1583,3168,90.4,s
1584,3169,108.02,ax
1585,3170,88.81,z
1586,3171,117.6,ap
1587,3174,92.66,y
1588,3175,107.7,ak
1589,3178,93.62,o
1590,3180,93.86,am
1591,3181,98.74,aj
1592,3182,113.75,ap
1593,3184,106.83,x
1594,3185,72.11,az
1595,3188,87.3,f
1596,3191,103.2,o
1597,3195,88.38,t
1598,3196,99.2,h
1599,3199,118.78,ak
1600,3203,102.14,h
1601,3207,92.53,z
1602,3209,95.67,t
1603,3215,91.01,o
1604,3217,87.83,m
1605,3218,111.64,x
1606,3222,102.5,ay
1607,3223,93.75,o
1608,3224,110.42,ap
1609,3225,87.41,ai
1610,3230,117.06,x
1611,3231,92.98,ai
1612,3235,125.76,ap
1613,3237,100.56,h
1614,3241,111.05,at
1615,3242,87.95,y
1616,3243,121.5,ak
1617,3244,88.77,z
1618,3245,105.85,ay
1619,3246,103.7,t
1620,3248,114.6,z
1621,3250,89.62,ac
1622,3251,109.37,ay
1623,3258,95.8,am
1624,3259,104.73,aj
1625,3260,113.87,k
1626,3261,99.0,ay
1627,3265,133.5,y
1628,3268,102.0,ay
1629,3270,111.34,x
1630,3271,91.38,o
1631,3273,104.49,d
1632,3276,88.29,z
1633,3278,106.79,aj
1634,3281,109.71,t
1635,3282,112.27,ap
1636,3284,98.98,ay
1637,3286,119.75,a
1638,3289,112.99,o
1639,3292,117.71,ak
1640,3293,91.61,y
1641,3294,82.21,az
1642,3295,89.3,t
1643,3296,114.5,ap
1644,3297,104.92,y
1645,3300,98.7,aj
1646,3301,93.93,z
1647,3305,93.76,z
1648,3306,98.02,aj
1649,3308,109.74,ap
1650,3310,108.51,x
1651,3311,88.67,n
1652,3312,117.35,x
1653,3313,102.77,t
1654,3315,87.86,al
1655,3318,119.39,ap
1656,3323,105.89,ak
1657,3325,88.47,e
1658,3327,104.45,ak
1659,3328,125.72,t
1660,3332,89.41,y
1661,3333,105.49,af
1662,3334,87.72,t
1663,3336,100.53,ay
1664,3342,125.46,ak
1665,3344,78.22,az
1666,3345,101.26,ay
1667,3347,132.86,ax
1668,3349,110.64,ak
1669,3350,97.86,o
1670,3353,93.71,t
1671,3354,111.44,ay
1672,3357,89.03,o
1673,3361,89.57,n
1674,3362,98.07,z
1675,3363,117.29,ay
1676,3364,92.59,o
1677,3365,111.68,ay
1678,3366,92.35,l
1679,3367,107.54,x
1680,3368,91.76,k
1681,3369,81.96,az
1682,3370,95.59,z
1683,3373,101.64,aj
1684,3375,107.69,ak
1685,3376,94.03,y
1686,3379,88.62,z
1687,3381,116.82,af
1688,3383,106.66,aw
1689,3384,110.88,ak
1690,3385,88.88,z
1691,3387,99.94,aj
1692,3388,90.86,z
1693,3390,94.31,ai
1694,3392,100.5,z
1695,3396,101.94,aj
1696,3401,97.67,aj
1697,3402,91.62,t
1698,3403,102.78,z
1699,3405,89.39,t
1700,3406,93.96,z
1701,3408,88.83,t
1702,3410,91.66,n
1703,3411,107.04,j
1704,3412,92.58,z
1705,3413,108.47,w
1706,3414,95.98,y
1707,3415,94.76,t
1708,3416,104.77,ay
1709,3417,89.61,o
1710,3418,99.67,h
1711,3420,117.4,af
1712,3422,133.55,ak
1713,3423,105.17,ai
1714,3424,96.59,ay
1715,3426,96.81,f
1716,3430,106.18,y
1717,3432,107.71,x
1718,3433,91.14,n
1719,3434,109.55,x
1720,3437,93.29,n
1721,3438,108.33,j
1722,3440,77.62,az
1723,3447,95.64,n
1724,3448,90.27,ai
1725,3450,90.26,t
1726,3451,108.03,ak
1727,3452,100.0,y
1728,3454,114.52,w
1729,3455,92.45,y
1730,3456,139.61,ak
1731,3458,104.6,ay
1732,3459,89.94,o
1733,3463,120.95,o
1734,3471,101.47,t
1735,3474,106.52,ak
1736,3477,91.78,z
1737,3480,88.27,am
1738,3481,92.94,y
1739,3482,105.79,ak
1740,3486,117.32,w
1741,3489,95.87,y
1742,3490,122.12,j
1743,3491,119.5,o
1744,3492,100.46,ay
1745,3493,86.96,o
1746,3494,114.18,ay
1747,3495,101.07,ad
1748,3498,110.94,ay
1749,3502,107.1,ak
1750,3503,92.6,t
1751,3505,112.17,ak
1752,3506,89.75,s
1753,3507,99.23,o
1754,3509,115.05,j
1755,3510,89.84,n
1756,3513,101.45,f
1757,3514,110.94,x
1758,3516,114.57,j
1759,3519,89.95,am
1760,3520,80.34,az
1761,3521,98.7,ay
1762,3522,87.74,f
1763,3523,120.17,ap
1764,3524,117.28,x
1765,3525,98.1,n
1766,3527,92.46,n
1767,3541,97.32,t
1768,3542,114.35,ak
1769,3543,115.24,ak
1770,3544,106.6,t
1771,3547,99.84,z
1772,3548,109.25,ak
1773,3549,119.31,z
1774,3552,108.26,d
1775,3555,89.93,z
1776,3556,105.56,v
1777,3560,78.95,az
1778,3566,109.61,x
1779,3568,95.71,n
1780,3569,125.72,x
1781,3570,90.68,f
1782,3573,106.73,h
1783,3575,77.45,az
1784,3580,122.01,a
1785,3581,89.79,n
1786,3582,116.51,x
1787,3584,99.64,aj
1788,3588,74.35,az
1789,3589,114.51,s
1790,3590,107.99,ax
1791,3591,108.97,z
1792,3592,110.01,ak
1793,3596,89.28,o
1794,3597,99.1,ay
1795,3598,90.76,f
1796,3603,106.55,ak
1797,3605,109.9,af
1798,3606,94.21,y
1799,3607,108.06,x
1800,3608,93.94,n
1801,3611,93.15,ai
1802,3613,114.66,y
1803,3616,72.94,az
1804,3622,102.48,h
1805,3623,92.47,o
1806,3624,100.27,d
1807,3627,89.77,l
1808,3628,111.22,ay
1809,3629,91.89,o
1810,3635,88.22,y
1811,3636,108.35,ak
1812,3638,107.79,ax
1813,3642,108.99,ak
1814,3643,95.15,al
1815,3649,107.97,ay
1816,3650,86.34,o
1817,3651,99.99,ay
1818,3652,92.82,t
1819,3656,88.31,al
1820,3657,112.54,x
1821,3658,88.77,aq
1822,3661,115.1,x
1823,3663,92.99,u
1824,3664,101.65,ay
1825,3665,90.76,z
1826,3667,111.4,w
1827,3669,88.36,t
1828,3670,110.07,ak
1829,3672,119.59,x
1830,3676,109.79,j
1831,3677,92.59,t
1832,3678,111.92,ak
1833,3679,89.07,y
1834,3680,110.22,ak
1835,3683,90.11,b
1836,3684,98.81,ay
1837,3685,94.5,o
1838,3688,91.32,ad
1839,3689,122.31,j
1840,3690,89.9,n
1841,3691,111.83,ap
1842,3693,125.44,w
1843,3694,88.23,y
1844,3697,109.44,as
1845,3698,89.19,al
1846,3700,89.38,t
1847,3701,102.3,ay
1848,3702,85.83,o
1849,3703,105.29,ay
1850,3704,87.49,o
1851,3706,89.14,s
1852,3711,115.53,ay
1853,3713,109.96,j
1854,3714,88.66,y
1855,3717,107.01,af
1856,3718,94.9,y
1857,3719,93.91,s
1858,3721,93.78,z
1859,3723,99.4,ay
1860,3724,89.01,f
1861,3725,98.19,ay
1862,3727,109.24,ak
1863,3730,100.71,o
1864,3732,91.43,z
1865,3733,97.78,aj
1866,3734,88.44,ba
1867,3737,109.59,ak
1868,3738,105.64,k
1869,3740,90.52,z
1870,3742,93.64,t
1871,3747,72.5,az
1872,3748,90.83,y
1873,3749,106.22,ak
1874,3750,111.01,j
1875,3752,107.4,x
1876,3754,107.3,ak
1877,3755,87.33,y
1878,3756,115.72,w
1879,3757,95.31,t
1880,3758,128.02,j
1881,3759,90.26,ad
1882,3764,107.85,j
1883,3766,119.78,ap
1884,3767,87.4,ad
1885,3771,92.97,z
1886,3772,74.86,az
1887,3775,106.79,ay
1888,3777,108.07,c
1889,3785,115.83,aj
1890,3787,78.47,az
1891,3788,87.73,z
1892,3791,101.71,ay
1893,3792,100.35,ay
1894,3794,87.57,y
1895,3796,89.75,ba
1896,3799,88.87,s
1897,3801,92.19,n
1898,3802,74.77,az
1899,3803,104.55,x
1900,3805,107.12,ak
1901,3806,87.71,y
1902,3807,119.65,w
1903,3808,102.91,b
1904,3809,102.31,aj
1905,3811,113.62,j
1906,3812,92.32,n
1907,3813,107.9,ak
1908,3814,132.61,s
1909,3817,89.89,t
1910,3819,91.44,o
1911,3820,101.03,ay
1912,3821,97.86,t
1913,3822,104.91,w
1914,3823,91.46,y
1915,3825,90.97,al
1916,3826,106.59,ay
1917,3827,91.46,o
1918,3829,98.31,t
1919,3833,116.18,t
1920,3837,87.17,o
1921,3841,88.14,s
1922,3842,132.29,x
1923,3843,88.08,o
1924,3844,111.01,at
1925,3848,106.9,x
1926,3850,97.77,z
1927,3851,107.77,ak
1928,3852,90.83,al
1929,3854,89.09,t
1930,3857,97.64,ay
1931,3858,98.59,z
1932,3859,104.87,ak
1933,3860,90.8,z
1934,3861,98.16,v
1935,3862,89.64,ai
1936,3863,99.03,ay
1937,3870,105.36,i
1938,3872,113.01,w
1939,3873,89.9,o
1940,3874,97.87,m
1941,3877,115.19,ap
1942,3880,89.26,y
1943,3882,92.43,f
1944,3885,91.12,y
1945,3887,86.67,al
1946,3888,118.27,w
1947,3889,91.88,t
1948,3891,109.02,w
1949,3892,108.64,y
1950,3894,94.56,f
1951,3895,109.98,ay
1952,3896,92.13,o
1953,3898,88.18,f
1954,3899,91.08,n
1955,3900,109.21,x
1956,3903,73.89,az
1957,3904,93.57,z
1958,3905,100.71,aj
1959,3906,93.45,t
1960,3907,101.6,v
1961,3908,87.67,z
1962,3909,114.8,ak
1963,3910,88.73,z
1964,3911,100.1,aj
1965,3912,91.6,t
1966,3915,110.02,ak
1967,3918,97.96,t
1968,3919,74.2,az
1969,3920,99.58,ay
1970,3921,95.34,o
1971,3922,109.49,x
1972,3923,95.7,m
1973,3926,92.38,t
1974,3927,102.78,aj
1975,3930,87.72,t
1976,3931,100.85,ay
1977,3940,88.83,o
1978,3941,89.69,ad
1979,3942,108.99,j
1980,3954,90.39,s
1981,3955,103.85,ak
1982,3956,90.49,y
1983,3957,103.03,f
1984,3958,98.97,ay
1985,3959,91.13,o
1986,3960,100.4,d
1987,3963,115.39,x
1988,3964,88.92,al
1989,3965,109.05,ak
1990,3972,77.64,az
1991,3976,94.35,ai
1992,3978,110.94,ak
1993,3980,92.1,y
1994,3981,110.07,f
1995,3982,109.63,x
1996,3983,88.28,y
1997,3984,81.07,az
1998,3987,90.44,z
1999,3989,89.65,n
2000,3990,114.65,at
2001,3996,88.12,y
2002,3997,106.91,ak
2003,3998,100.11,ay
2004,3999,108.88,ak
2005,4000,93.55,y
2006,4001,116.23,w
2007,4002,85.75,ba
2008,4003,111.07,w
2009,4004,95.33,y
2010,4006,114.29,ak
2011,4014,91.23,o
2012,4017,89.63,e
2013,4019,90.69,n
2014,4020,95.35,ay
2015,4021,95.21,o
2016,4022,98.83,d
2017,4023,91.59,f
2018,4024,112.53,x
2019,4027,92.6,y
2020,4030,114.63,ap
2021,4035,95.48,z
2022,4036,123.47,r
2023,4040,107.61,ay
2024,4050,80.2,az
2025,4053,90.41,ai
2026,4054,109.47,x
2027,4055,93.8,n
2028,4056,109.13,x
2029,4057,92.91,n
2030,4059,89.86,o
2031,4060,106.13,ay
2032,4061,88.95,z
2033,4063,91.06,s
2034,4065,92.08,y
2035,4066,119.89,ak
2036,4069,112.31,x
2037,4071,114.4,x
2038,4073,88.7,y
2039,4079,124.64,o
2040,4081,96.41,f
2041,4083,88.97,o
2042,4084,99.59,ay
2043,4087,96.47,n
2044,4090,101.27,aj
2045,4091,88.45,z
2046,4093,108.49,j
2047,4098,91.88,t
2048,4099,106.4,aj
2049,4100,90.0,z
2050,4101,112.07,ak
2051,4103,109.69,ak
2052,4104,102.93,s
2053,4106,92.18,y
2054,4108,93.29,n
2055,4109,107.81,j
2056,4110,77.16,az
2057,4121,122.4,j
2058,4123,90.57,al
2059,4124,109.29,ak
2060,4127,95.67,al
2061,4128,126.97,w
2062,4130,100.09,y
2063,4131,105.94,ak
2064,4132,111.32,ap
2065,4133,91.52,n
2066,4135,89.65,l
2067,4136,125.84,ay
2068,4138,111.08,ak
2069,4139,87.06,y
2070,4140,108.8,ak
2071,4143,113.28,h
2072,4147,101.89,ay
2073,4148,98.25,z
2074,4149,113.09,w
2075,4152,92.27,y
2076,4153,119.38,ak
2077,4155,110.33,j
2078,4158,95.96,f
2079,4162,93.56,aq
2080,4163,105.59,ay
2081,4164,110.39,o
2082,4165,98.94,ay
2083,4166,94.38,f
2084,4167,110.53,x
2085,4169,75.42,az
2086,4170,106.1,z
2087,4174,109.34,ak
2088,4180,88.99,y
2089,4182,91.63,t
2090,4187,94.02,s
2091,4189,88.44,z
2092,4191,99.41,z
2093,4197,89.89,al
2094,4198,109.39,ak
2095,4199,90.44,t
2096,4200,104.65,ay
2097,4201,110.97,ap
2098,4204,113.52,ak
2099,4205,89.61,t
2100,4206,100.68,ay
2101,4207,88.75,az
2102,4213,88.77,z
2103,4218,114.87,at
2104,4220,112.94,ax
2105,4221,89.22,s
2106,4223,108.31,o
2107,4225,89.91,t
2108,4226,92.79,z
2109,4227,100.04,aj
2110,4228,101.35,z
2111,4229,107.11,af
2112,4230,88.06,t
2113,4233,107.42,ak
2114,4235,109.65,j
2115,4238,97.55,z
2116,4239,76.78,az
2117,4241,89.38,o
2118,4244,106.37,aj
2119,4245,91.88,t
2120,4246,116.67,ak
2121,4250,111.14,x
2122,4251,103.63,aq
2123,4252,96.21,h
2124,4253,89.37,o
2125,4255,98.32,t
2126,4256,119.88,ak
2127,4257,93.91,y
2128,4258,75.73,az
2129,4259,91.6,t
2130,4260,103.1,aj
2131,4261,96.93,z
2132,4262,97.58,v
2133,4264,83.49,y
2134,4266,93.33,al
2135,4269,101.45,y
2136,4270,75.05,az
2137,4275,111.21,x
2138,4277,95.89,ay
2139,4279,100.25,d
2140,4282,115.21,as
2141,4291,88.83,t
2142,4292,113.7,j
2143,4294,109.4,x
2144,4295,91.41,s
2145,4298,110.2,ak
2146,4300,109.1,w
2147,4301,113.95,af
2148,4302,91.88,y
2149,4304,108.8,ak
2150,4305,87.53,s
2151,4306,113.75,ax
2152,4307,89.19,z
2153,4308,84.2,az
2154,4309,92.31,t
2155,4311,110.92,w
2156,4313,100.68,z
2157,4314,109.05,x
2158,4315,95.01,n
2159,4316,105.36,x
2160,4317,99.54,o
2161,4319,92.4,t
2162,4321,118.02,j
2163,4324,91.71,ai
2164,4327,109.02,ba
2165,4329,93.36,z
2166,4331,88.39,z
2167,4334,73.79,az
2168,4337,102.3,z
2169,4339,92.46,o
2170,4340,101.3,d
2171,4343,92.83,f
2172,4345,103.39,z
2173,4346,110.75,g
2174,4349,89.17,o
2175,4350,93.95,z
2176,4354,87.99,o
2177,4357,113.43,au
2178,4358,102.65,f
2179,4362,90.04,o
2180,4363,98.92,ay
2181,4366,86.9,o
2182,4367,97.16,ay
2183,4369,117.49,af
2184,4370,92.54,s
2185,4371,104.21,ak
2186,4373,107.26,w
2187,4375,78.88,az
2188,4378,89.13,t
2189,4379,100.71,aw
2190,4381,109.28,at
2191,4382,88.12,m
2192,4386,90.43,f
2193,4387,99.67,ay
2194,4388,91.03,o
2195,4390,121.6,w
2196,4394,80.44,az
2197,4397,88.91,y
2198,4400,108.94,ak
2199,4402,114.55,ak
2200,4403,96.69,f
2201,4404,98.12,ay
2202,4405,98.36,z
2203,4407,98.96,z
2204,4409,99.03,ba
2205,4410,100.67,ay
2206,4411,88.25,o
2207,4413,102.04,f
2208,4414,109.01,j
2209,4416,100.77,ay
2210,4417,94.5,z
2211,4421,97.72,y
2212,4424,106.05,x
2213,4426,114.3,ay
2214,4427,97.68,m
2215,4429,87.15,n
2216,4430,86.95,n
2217,4432,92.52,z
2218,4433,113.55,ak
2219,4435,78.91,az
2220,4438,88.07,y
2221,4442,94.24,t
2222,4443,102.91,aj
2223,4448,93.87,ad
2224,4449,112.22,j
2225,4450,89.73,az
2226,4451,90.62,t
2227,4453,93.1,z
2228,4454,109.65,aj
2229,4455,91.43,y
2230,4459,121.06,n
2231,4463,119.22,x
2232,4464,89.44,f
2233,4467,86.19,az
2234,4470,91.88,t
2235,4471,108.96,ak
2236,4473,89.99,al
2237,4474,109.07,j
2238,4476,108.71,ay
2239,4477,91.85,z
2240,4481,154.16,w
2241,4482,91.31,y
2242,4487,115.18,r
2243,4496,97.22,l
2244,4497,89.96,t
2245,4501,98.51,f
2246,4502,96.77,y
2247,4504,93.0,ba
2248,4509,112.31,t
2249,4512,107.45,ap
2250,4514,112.82,aj
2251,4515,95.97,z
2252,4517,99.15,s
2253,4518,106.51,ak
2254,4520,118.53,w
2255,4522,102.17,aj
2256,4523,121.1,x
2257,4524,91.55,f
2258,4525,107.9,j
2259,4526,121.28,n
2260,4527,108.76,x
2261,4528,113.98,ap
2262,4529,90.36,y
2263,4530,136.96,ak
2264,4535,92.21,z
2265,4538,99.53,ay
2266,4540,99.46,h
2267,4541,92.26,o
2268,4543,91.83,f
2269,4544,113.99,i
2270,4546,108.47,at
2271,4547,105.89,f
2272,4548,108.37,j
2273,4550,108.72,ak
2274,4552,104.0,aj
2275,4553,112.41,w
2276,4555,104.1,z
2277,4557,87.22,t
2278,4558,93.18,z
2279,4560,96.51,y
2280,4563,134.08,n
2281,4564,113.34,j
2282,4565,90.36,f
2283,4567,94.69,y
2284,4568,110.63,ak
2285,4571,89.51,y
2286,4572,104.65,az
2287,4576,101.57,ao
2288,4579,90.87,n
2289,4581,88.75,m
2290,4584,92.56,t
2291,4586,76.1,az
2292,4588,93.05,o
2293,4589,97.07,ay
2294,4590,105.24,m
2295,4591,98.54,ay
2296,4592,88.4,z
2297,4593,119.2,ap
2298,4594,87.8,e
2299,4597,91.99,f
2300,4598,111.16,ay
2301,4599,90.71,y
2302,4600,125.75,w
2303,4604,97.21,aw
2304,4609,100.95,aj
2305,4611,121.79,ak
2306,4612,93.25,t
2307,4614,89.07,z
2308,4615,76.33,az
2309,4616,128.58,au
2310,4621,109.01,j
2311,4623,85.96,n
2312,4624,107.36,at
2313,4628,85.94,az
2314,4630,111.01,w
2315,4632,110.6,ak
2316,4636,101.87,ay
2317,4637,91.93,z
2318,4638,108.71,af
2319,4641,92.79,z
2320,4643,90.36,b
2321,4645,95.1,f
2322,4651,103.53,y
2323,4652,107.4,w
2324,4653,92.54,s
2325,4654,108.05,ak
2326,4656,87.49,f
2327,4657,109.72,x
2328,4658,91.04,n
2329,4659,115.72,x
2330,4664,101.29,s
2331,4669,106.16,j
2332,4674,90.78,z
2333,4678,92.76,t
2334,4679,97.79,aj
2335,4681,81.18,az
2336,4684,93.11,z
2337,4687,84.56,y
2338,4689,114.27,z
2339,4691,90.57,s
2340,4694,106.4,j
2341,4695,95.46,z
2342,4696,80.29,az
2343,4698,112.25,x
2344,4699,92.83,f
2345,4701,87.33,n
2346,4703,85.61,e
2347,4704,90.14,z
2348,4705,140.25,ay
2349,4706,87.8,f
2350,4709,108.37,x
2351,4711,90.28,z
2352,4712,90.69,f
2353,4713,107.11,ay
2354,4714,88.18,z
2355,4715,112.56,aj
2356,4719,99.28,d
2357,4722,142.71,a
2358,4724,122.65,ax
2359,4725,92.84,b
2360,4728,113.86,z
2361,4730,119.28,x
2362,4733,87.13,y
2363,4734,74.43,az
2364,4740,100.58,e
2365,4741,110.83,j
2366,4742,112.3,ab
2367,4743,88.53,t
2368,4745,89.81,z
2369,4746,99.82,ay
2370,4748,88.14,n
2371,4751,99.95,ay
2372,4753,88.2,t
2373,4754,96.85,aj
2374,4760,118.85,ap
2375,4761,134.81,y
2376,4762,148.94,w
2377,4768,90.58,s
2378,4773,92.38,t
2379,4775,97.69,y
2380,4779,105.83,j
2381,4781,110.07,x
2382,4782,108.58,aq
2383,4783,111.04,j
2384,4785,114.58,ap
2385,4790,92.02,z
2386,4793,106.0,ay
2387,4794,96.99,o
2388,4797,89.72,n
2389,4798,112.43,j
2390,4799,90.77,m
2391,4800,86.73,z
2392,4801,74.87,az
2393,4802,118.73,j
2394,4804,111.56,r
2395,4806,112.09,aw
2396,4808,121.92,j
2397,4810,109.62,x
2398,4811,90.31,e
2399,4812,108.76,j
2400,4813,97.04,n
2401,4814,118.38,ap
2402,4815,126.11,ak
2403,4819,119.7,x
2404,4822,92.98,z
2405,4826,96.36,z
2406,4827,105.31,h
2407,4828,89.91,o
2408,4832,90.75,z
2409,4834,103.77,f
2410,4835,105.13,x
2411,4839,107.3,ak
2412,4845,108.28,x
2413,4846,109.28,e
2414,4847,136.56,ap
2415,4848,117.08,z
2416,4850,98.56,z
2417,4853,111.57,j
2418,4854,97.96,n
2419,4855,110.66,j
2420,4856,90.72,y
2421,4857,76.84,az
2422,4859,128.8,ak
2423,4861,117.14,ak
2424,4862,91.13,s
2425,4866,126.95,t
2426,4870,89.2,t
2427,4871,86.8,n
2428,4872,107.5,ak
2429,4874,107.03,ak
2430,4879,90.16,z
2431,4881,100.86,h
2432,4882,122.36,f
2433,4883,98.69,ay
2434,4884,90.16,z
2435,4885,121.41,y
2436,4887,88.05,t
2437,4891,92.03,t
2438,4892,117.46,h
2439,4894,100.05,h
2440,4897,113.67,z
2441,4898,112.88,ak
2442,4900,91.74,az
2443,4905,115.6,z
2444,4906,97.96,ay
2445,4907,93.53,m
2446,4908,89.79,n
2447,4909,135.53,x
2448,4911,107.61,j
2449,4913,119.94,ap
2450,4914,108.97,ak
2451,4918,97.99,v
2452,4919,105.5,z
2453,4921,91.33,f
2454,4922,105.81,x
2455,4923,92.17,z
2456,4924,92.6,s
2457,4925,111.74,ak
2458,4926,88.66,z
2459,4929,112.28,ak
2460,4930,100.68,z
2461,4932,90.17,t
2462,4933,110.86,at
2463,4935,108.98,x
2464,4937,116.42,ap
2465,4938,93.33,n
2466,4940,77.06,az
2467,4941,87.97,y
2468,4946,98.16,y
2469,4949,94.32,n
2470,4950,137.49,x
2471,4954,76.16,az
2472,4955,94.28,t
2473,4959,108.03,ak
2474,4961,100.24,aj
2475,4962,131.69,z
2476,4963,105.91,ak
2477,4964,85.49,t
2478,4965,99.11,aj
2479,4966,99.84,z
2480,4967,102.25,aj
2481,4970,128.87,z
2482,4972,89.42,t
2483,4974,91.6,y
2484,4977,107.29,j
2485,4980,87.47,e
2486,4981,123.11,j
2487,4989,83.23,al
2488,4990,106.78,w
2489,4991,90.82,t
2490,4992,93.71,z
2491,4993,105.11,w
2492,4996,110.38,ay
2493,4997,115.25,f
2494,4998,117.01,h
2495,4999,85.72,z
2496,5000,137.09,ak
2497,5001,90.35,y
2498,5003,103.9,ay
2499,5008,88.08,f
2500,5010,91.96,y
2501,5012,113.5,y
2502,5013,111.17,ak
2503,5016,120.94,ap
2504,5017,88.0,z
2505,5024,116.61,w
2506,5026,109.97,h
2507,5027,94.29,o
2508,5028,106.41,ay
2509,5029,87.16,f
2510,5030,113.67,x
2511,5031,74.66,az
2512,5033,116.41,au
2513,5035,111.64,x
2514,5037,111.42,j
2515,5040,103.36,f
2516,5041,99.27,ay
2517,5042,95.37,o
2518,5043,90.47,z
2519,5044,99.56,ay
2520,5045,88.8,m
2521,5047,98.79,ay
2522,5048,93.4,f
2523,5050,76.38,az
2524,5056,104.51,j
2525,5058,110.06,x
2526,5060,90.14,t
2527,5061,97.19,aj
2528,5064,85.13,s
2529,5066,93.06,z
2530,5067,135.14,ak
2531,5068,94.79,y
2532,5070,132.65,d
2533,5072,106.06,w
2534,5073,93.7,y
2535,5078,102.39,t
2536,5082,93.62,b
2537,5084,105.98,z
2538,5085,112.55,ak
2539,5086,93.0,y
2540,5087,91.59,f
2541,5090,74.76,az
2542,5091,93.09,t
2543,5092,105.35,x
2544,5096,97.2,ay
2545,5097,115.75,x
2546,5098,89.34,y
2547,5100,93.2,y
2548,5102,105.89,z
2549,5106,112.19,z
2550,5110,108.62,x
2551,5116,106.47,x
2552,5117,99.74,f
2553,5119,110.0,j
2554,5120,92.22,e
2555,5121,133.09,x
2556,5124,109.02,x
2557,5126,94.21,o
2558,5130,90.53,z
2559,5131,99.13,ay
2560,5133,106.95,j
2561,5136,86.33,y
2562,5138,98.33,t
2563,5139,103.14,aj
2564,5140,89.25,am
2565,5141,101.23,aj
2566,5145,108.59,v
2567,5146,91.84,t
2568,5147,117.67,j
2569,5151,87.78,z
2570,5152,115.27,ak
2571,5153,87.3,t
2572,5156,108.69,x
2573,5157,97.28,f
2574,5158,109.97,j
2575,5160,89.19,f
2576,5161,106.35,x
2577,5162,97.37,n
2578,5163,109.12,j
2579,5168,100.74,y
2580,5170,110.1,ak
2581,5173,88.79,ai
2582,5174,97.55,aj
2583,5175,99.49,z
2584,5177,109.75,o
2585,5178,102.18,d
2586,5179,95.58,z
2587,5180,108.69,ak
2588,5181,88.53,z
2589,5182,78.71,az
2590,5183,92.0,t
2591,5187,91.99,f
2592,5192,88.51,al
2593,5194,94.7,t
2594,5195,108.12,aj
2595,5197,124.31,aj
2596,5198,98.14,t
2597,5201,89.44,z
2598,5202,110.95,ap
2599,5206,110.12,j
2600,5209,91.68,o
2601,5210,117.27,au
2602,5211,102.09,u
2603,5213,103.23,ay
2604,5215,78.71,az
2605,5216,104.41,y
2606,5217,116.61,w
2607,5219,113.94,w
2608,5221,112.04,ak
2609,5223,107.66,w
2610,5226,89.14,u
2611,5228,89.37,o
2612,5230,87.98,m
2613,5231,110.58,ak
2614,5235,79.97,az
2615,5236,116.02,ak
2616,5238,94.62,y
2617,5242,93.42,e
2618,5243,127.42,ap
2619,5245,90.57,t
2620,5246,111.19,ak
2621,5247,91.91,y
2622,5249,93.02,t
2623,5250,75.88,az
2624,5252,117.26,ap
2625,5254,106.47,ay
2626,5258,103.96,d
2627,5261,94.05,s
2628,5262,118.17,j
2629,5263,128.37,n
2630,5264,89.48,y
2631,5265,84.27,az
2632,5267,109.49,w
2633,5269,115.44,x
2634,5270,96.38,f
2635,5271,108.61,x
2636,5272,95.47,y
2637,5273,123.86,w
2638,5274,94.52,y
2639,5278,105.25,d
2640,5282,103.2,ak
2641,5288,108.34,ak
2642,5291,90.98,z
2643,5295,91.47,t
2644,5296,109.97,x
2645,5298,88.42,u
2646,5300,88.12,l
2647,5301,121.84,j
2648,5303,117.83,ak
2649,5304,118.62,y
2650,5307,99.85,ay
2651,5311,84.53,s
2652,5313,89.86,z
2653,5314,108.86,af
2654,5315,107.78,s
2655,5318,95.87,d
2656,5321,89.0,y
2657,5322,106.89,x
2658,5324,106.98,h
2659,5325,88.06,o
2660,5326,90.35,f
2661,5327,130.0,x
2662,5328,90.38,n
2663,5330,92.08,f
2664,5332,91.48,y
2665,5333,93.05,t
2666,5335,90.58,y
2667,5337,102.88,z
2668,5339,102.08,o
2669,5340,112.12,ap
2670,5342,110.03,x
2671,5343,93.48,n
2672,5344,119.72,i
2673,5346,95.23,t
2674,5347,123.69,ak
2675,5350,88.64,z
2676,5351,104.28,aj
2677,5352,87.89,t
2678,5353,115.66,ak
2679,5354,88.82,am
2680,5357,114.22,w
2681,5358,90.6,al
2682,5359,87.91,t
2683,5361,86.61,z
2684,5363,105.05,f
2685,5365,93.6,t
2686,5369,106.91,d
2687,5372,92.11,ai
2688,5374,89.24,z
2689,5377,103.42,y
2690,5380,100.71,ay
2691,5381,112.95,o
2692,5382,104.66,d
2693,5385,94.85,o
2694,5386,93.83,f
2695,5387,112.8,d
2696,5388,116.07,z
2697,5390,130.6,s
2698,5392,88.16,z
2699,5394,88.05,s
2700,5396,86.57,y
2701,5400,93.22,y
2702,5405,108.36,ak
2703,5406,91.79,t
2704,5409,102.77,aj
2705,5410,110.93,z
2706,5411,109.0,x
2707,5412,95.15,n
2708,5415,110.36,j
2709,5416,109.31,ak
2710,5419,88.83,t
2711,5422,100.36,z
2712,5423,99.14,d
2713,5427,113.95,at
2714,5428,97.36,n
2715,5430,92.06,f
2716,5432,99.02,z
2717,5433,73.71,az
2718,5434,99.84,f
2719,5435,105.89,aw
2720,5436,98.84,z
2721,5438,89.72,f
2722,5439,108.54,x
2723,5441,105.96,ax
2724,5442,112.08,j
2725,5443,108.09,y
2726,5445,90.79,z
2727,5448,86.16,az
2728,5449,106.44,z
2729,5450,107.68,ak
2730,5453,92.07,z
2731,5454,88.63,f
2732,5457,110.1,a
2733,5461,128.58,j
2734,5470,128.94,y
2735,5471,158.23,x
2736,5473,153.51,x
2737,5477,101.68,ay
2738,5478,103.42,o
2739,5481,85.69,y
2740,5483,118.77,af
2741,5484,88.88,y
2742,5487,88.82,s
2743,5489,90.76,y
2744,5490,83.67,y
2745,5491,111.56,j
2746,5492,98.44,f
2747,5493,102.15,ay
2748,5494,100.54,o
2749,5498,92.56,n
2750,5500,88.88,f
2751,5501,98.42,h
2752,5502,113.31,x
2753,5505,105.82,ay
2754,5506,120.81,ap
2755,5508,114.83,ak
2756,5510,114.91,w
2757,5513,97.8,t
2758,5514,77.47,az
2759,5515,91.51,s
2760,5519,108.01,f
2761,5520,107.73,ay
2762,5523,97.27,o
2763,5524,98.76,ay
2764,5525,100.0,t
2765,5526,108.13,ak
2766,5530,115.16,n
2767,5531,105.66,x
2768,5534,94.6,z
2769,5537,114.11,ap
2770,5538,94.95,y
2771,5539,125.38,ak
2772,5541,103.68,d
2773,5542,100.25,ay
2774,5543,89.06,aq
2775,5544,110.84,x
2776,5545,88.69,n
2777,5546,125.25,x
2778,5549,94.74,y
2779,5552,112.12,ak
2780,5553,89.34,y
2781,5556,118.54,x
2782,5557,88.53,n
2783,5558,103.77,f
2784,5564,93.62,y
2785,5569,100.13,aj
2786,5570,95.44,t
2787,5571,106.32,aw
2788,5573,100.02,d
2789,5575,112.69,ay
2790,5577,107.97,ak
2791,5578,95.81,y
2792,5582,123.09,ap
2793,5585,90.14,s
2794,5588,91.03,f
2795,5590,90.83,o
2796,5600,111.48,j
2797,5601,90.46,y
2798,5604,108.25,v
2799,5606,109.37,ak
2800,5611,75.41,az
2801,5615,106.85,j
2802,5617,97.95,d
2803,5618,95.59,o
2804,5619,89.01,y
2805,5620,105.97,af
2806,5622,101.03,h
2807,5624,108.62,j
2808,5625,88.22,y
2809,5626,75.65,az
2810,5627,89.47,s
2811,5630,100.05,h
2812,5632,98.9,ay
2813,5634,104.28,x
2814,5635,93.77,f
2815,5636,97.07,ay
2816,5637,94.83,o
2817,5641,88.23,aq
2818,5642,101.92,ay
2819,5643,90.85,o
2820,5644,99.4,ay
2821,5647,88.14,z
2822,5648,109.21,ak
2823,5650,110.96,ak
2824,5651,95.71,y
2825,5652,87.28,f
2826,5654,85.18,n
2827,5657,99.55,ay
2828,5659,124.75,x
2829,5660,90.4,f
2830,5661,106.02,d
2831,5664,112.8,ak
2832,5665,90.52,ai
2833,5666,76.22,az
2834,5668,114.07,w
2835,5669,116.46,ay
2836,5677,96.53,h
2837,5678,117.24,t
2838,5680,90.13,z
2839,5681,96.91,ay
2840,5682,128.93,u
2841,5684,101.9,z
2842,5685,101.74,aj
2843,5686,85.63,t
2844,5689,97.51,d
2845,5695,96.21,aj
2846,5696,97.91,t
2847,5700,96.38,t
2848,5701,100.11,d
2849,5702,88.03,o
2850,5703,116.55,x
2851,5705,99.66,ay
2852,5706,141.39,z
2853,5708,95.57,z
2854,5711,98.14,ay
2855,5712,116.87,o
2856,5713,120.8,ay
2857,5715,109.82,a
2858,5716,110.8,n
2859,5717,109.08,j
2860,5719,92.73,n
2861,5720,119.48,ap
2862,5722,122.66,x
2863,5727,86.31,al
2864,5728,113.99,af
2865,5732,114.88,x
2866,5734,112.62,y
2867,5735,108.28,ak
2868,5737,97.26,aj
2869,5738,94.39,z
2870,5739,105.67,j
2871,5740,95.47,f
2872,5742,100.74,o
2873,5743,99.49,ay
2874,5744,96.62,m
2875,5746,87.35,n
2876,5749,122.22,z
2877,5753,101.96,ay
2878,5756,109.42,ak
2879,5759,97.84,m
2880,5761,115.07,o
2881,5763,87.84,u
2882,5764,108.72,j
2883,5765,98.74,n
2884,5767,96.27,f
2885,5775,108.75,ak
2886,5779,116.37,x
2887,5781,144.56,v
2888,5785,138.19,ak
2889,5787,104.61,aj
2890,5792,103.82,o
2891,5795,109.38,j
2892,5798,113.75,x
2893,5799,111.5,n
2894,5800,112.67,j
2895,5802,103.58,aj
2896,5807,88.74,z
2897,5809,112.86,f
2898,5810,98.32,d
2899,5811,95.27,o
2900,5812,119.71,ay
2901,5814,99.16,ay
2902,5817,92.66,z
2903,5818,94.51,ay
2904,5819,89.17,f
2905,5820,147.22,ay
2906,5821,74.5,az
2907,5824,91.62,t
2908,5826,101.39,am
2909,5828,88.69,z
2910,5834,90.88,u
2911,5835,121.91,h
2912,5836,89.38,l
2913,5840,105.34,ay
2914,5841,91.62,f
2915,5843,89.43,z
2916,5847,89.21,y
2917,5849,97.14,t
2918,5852,109.11,ap
2919,5855,105.42,t
2920,5856,116.39,x
2921,5857,108.24,o
2922,5859,88.39,ba
2923,5861,89.37,y
2924,5862,108.34,j
2925,5863,99.08,f
2926,5865,73.02,az
2927,5872,100.57,f
2928,5873,89.22,ad
2929,5875,90.44,t
2930,5881,107.99,x
2931,5882,98.68,y
2932,5883,77.38,bc
2933,5885,104.67,n
2934,5887,96.8,e
2935,5888,88.61,z
2936,5889,98.94,aj
2937,5891,107.09,j
2938,5892,90.38,n
2939,5893,121.85,x
2940,5894,87.17,n
2941,5895,109.9,j
2942,5899,74.99,az
2943,5900,87.86,z
2944,5902,99.26,t
2945,5904,90.8,y
2946,5905,107.53,w
2947,5907,93.97,y
2948,5913,92.05,n
2949,5915,91.68,f
2950,5916,96.48,ay
2951,5917,75.1,az
2952,5918,93.19,y
2953,5920,88.52,t
2954,5921,99.01,ay
2955,5922,92.75,n
2956,5923,111.22,x
2957,5925,120.38,a
2958,5927,105.55,ay
2959,5928,94.54,z
2960,5931,100.55,aj
2961,5940,94.52,f
2962,5941,110.54,i
2963,5945,91.22,am
2964,5947,88.91,al
2965,5948,74.79,az
2966,5949,87.71,s
2967,5950,119.56,ak
2968,5952,114.21,ak
2969,5955,110.81,at
2970,5956,87.28,o
2971,5958,96.83,aw
2972,5959,89.4,n
2973,5960,110.66,x
2974,5963,97.36,z
2975,5966,101.34,h
2976,5967,91.19,f
2977,5970,93.52,n
2978,5971,107.35,j
2979,5972,88.36,t
2980,5973,108.42,ak
2981,5976,91.57,s
2982,5977,93.74,y
2983,5979,139.16,j
2984,5980,91.74,f
2985,5984,92.9,f
2986,5985,108.19,ay
2987,5986,95.86,o
2988,5987,99.63,ay
2989,5988,99.37,t
2990,5990,98.28,y
2991,5993,90.25,l
2992,5994,105.29,j
2993,6000,90.55,t
2994,6005,88.54,n
2995,6008,106.61,ak
2996,6009,92.66,y
2997,6010,111.04,a
2998,6013,99.64,z
2999,6019,97.76,h
3000,6020,99.68,f
3001,6021,97.42,d
3002,6022,88.48,f
3003,6023,99.64,ay
3004,6027,104.33,f
3005,6031,106.41,ak
3006,6032,112.72,y
3007,6033,108.82,j
3008,6034,98.59,f
3009,6035,94.51,n
3010,6037,91.84,f
3011,6038,105.53,x
3012,6039,112.75,ak
3013,6043,105.7,ap
3014,6046,100.05,z
3015,6050,90.22,y
3016,6055,90.62,t
3017,6056,104.66,ay
3018,6057,86.91,o
3019,6060,108.01,x
3020,6061,83.09,az
3021,6066,108.02,ak
3022,6069,91.86,z
3023,6073,98.59,n
3024,6074,108.9,j
3025,6075,94.27,y
3026,6076,119.35,ak
3027,6077,113.5,t
3028,6078,140.31,ap
3029,6079,102.93,ay
3030,6082,97.45,ay
3031,6083,89.87,o
3032,6085,92.63,t
3033,6086,106.04,w
3034,6088,116.13,x
3035,6090,96.92,ay
3036,6091,91.93,o
3037,6093,81.06,az
3038,6096,95.65,al
3039,6098,105.73,aj
3040,6099,108.14,x
3041,6101,120.78,ai
3042,6102,99.69,aj
3043,6103,103.71,z
3044,6111,107.96,j
3045,6112,98.57,n
3046,6113,89.11,f
3047,6115,85.99,n
3048,6119,111.05,x
3049,6120,88.11,s
3050,6121,109.02,r
3051,6122,113.58,ap
3052,6124,88.73,z
3053,6126,111.67,ay
3054,6127,91.34,u
3055,6129,89.6,o
3056,6131,96.21,o
3057,6133,89.51,z
3058,6134,102.14,aj
3059,6135,87.22,t
3060,6136,118.71,j
3061,6138,109.04,a
3062,6143,99.47,t
3063,6147,105.0,x
3064,6148,90.8,f
3065,6150,106.02,ak
3066,6151,86.81,y
3067,6152,111.91,x
3068,6153,78.63,az
3069,6154,95.49,t
3070,6155,106.96,aj
3071,6157,94.85,d
3072,6158,89.22,f
3073,6161,87.38,ai
3074,6163,89.16,z
3075,6166,115.39,j
3076,6167,107.75,y
3077,6174,90.32,y
3078,6175,97.96,aj
3079,6179,95.73,ay
3080,6183,84.39,az
3081,6184,110.59,x
3082,6187,94.83,y
3083,6190,107.9,j
3084,6191,90.17,o
3085,6198,75.9,az
3086,6199,95.89,ay
3087,6200,90.54,z
3088,6205,107.3,ak
3089,6206,85.37,y
3090,6208,146.3,au
3091,6212,98.22,al
3092,6214,92.18,y
3093,6215,132.7,w
3094,6218,122.87,ap
3095,6220,116.34,ak
3096,6221,91.41,y
3097,6224,111.49,ak
3098,6225,99.87,z
3099,6226,101.28,v
3100,6227,98.31,t
3101,6228,101.14,ay
3102,6229,88.46,o
3103,6230,98.38,d
3104,6231,95.51,ba
3105,6232,110.0,w
3106,6233,93.97,y
3107,6234,108.86,ak
3108,6236,108.93,x
3109,6237,73.52,az
3110,6238,92.45,y
3111,6239,109.18,ap
3112,6241,126.41,aj
3113,6243,89.39,e
3114,6244,111.91,x
3115,6245,93.83,o
3116,6246,98.67,ay
3117,6248,102.83,ay
3118,6249,93.45,am
3119,6250,108.33,ax
3120,6252,92.13,f
3121,6253,99.49,ay
3122,6256,114.63,w
3123,6257,97.75,y
3124,6258,117.48,j
3125,6259,94.82,q
3126,6263,89.51,z
3127,6265,85.55,y
3128,6266,73.53,az
3129,6267,103.32,h
3130,6268,94.62,z
3131,6270,88.73,t
3132,6272,95.43,z
3133,6273,165.52,aj
3134,6274,96.52,t
3135,6277,106.97,x
3136,6280,90.96,n
3137,6282,94.87,ai
3138,6283,111.22,ak
3139,6285,110.65,a
3140,6289,91.43,y
3141,6290,90.38,s
3142,6291,111.38,af
3143,6294,99.78,aj
3144,6296,101.37,d
3145,6297,90.48,f
3146,6299,114.8,n
3147,6301,94.32,f
3148,6302,107.7,d
3149,6303,77.25,bc
3150,6305,89.49,t
3151,6306,133.86,ak
3152,6307,83.25,al
3153,6309,102.76,aj
3154,6311,117.09,ak
3155,6313,96.74,aq
3156,6314,91.07,n
3157,6315,108.73,j
3158,6316,94.07,f
3159,6317,99.68,ay
3160,6318,75.59,az
3161,6319,99.43,ay
3162,6321,112.9,x
3163,6322,128.67,y
3164,6323,112.34,ak
3165,6326,135.13,z
3166,6327,109.33,a
3167,6328,111.12,f
3168,6329,97.03,ay
3169,6331,120.86,ap
3170,6332,98.35,n
3171,6333,95.66,f
3172,6334,101.52,ay
3173,6335,90.76,o
3174,6337,91.97,t
3175,6338,107.9,z
3176,6339,92.1,t
3177,6343,137.32,ap
3178,6346,88.78,y
3179,6350,90.39,s
3180,6352,89.62,al
3181,6355,112.47,w
3182,6356,88.4,y
3183,6359,92.08,o
3184,6361,95.01,f
3185,6362,106.18,x
3186,6365,80.82,az
3187,6366,102.32,d
3188,6367,89.03,f
3189,6369,110.07,j
3190,6372,110.74,d
3191,6373,95.65,o
3192,6374,112.78,d
3193,6375,92.65,f
3194,6376,109.22,x
3195,6378,104.36,ay
3196,6380,119.46,j
3197,6384,91.79,o
3198,6385,112.55,ay
3199,6386,99.84,f
3200,6387,101.48,ay
3201,6389,99.14,s
3202,6391,96.45,z
3203,6394,105.52,x
3204,6396,98.5,aj
3205,6397,93.04,z
3206,6399,116.36,ap
3207,6400,97.84,t
3208,6404,88.34,f
3209,6408,93.24,z
3210,6410,92.36,f
3211,6412,107.44,j
3212,6414,105.04,h
3213,6415,88.04,o
3214,6421,90.08,ad
3215,6422,141.09,at
3216,6423,100.44,m
3217,6424,125.98,x
3218,6425,91.94,y
3219,6427,88.1,s
3220,6428,106.23,ak
3221,6433,105.71,i
3222,6435,110.32,x
3223,6436,103.63,z
3224,6444,107.13,x
3225,6446,112.69,ay
3226,6447,94.7,t
3227,6449,88.78,y
3228,6451,95.28,f
3229,6452,98.37,ay
3230,6454,109.33,w
3231,6456,74.22,az
3232,6459,111.46,e
3233,6460,116.65,ap
3234,6462,109.4,w
3235,6463,88.89,y
3236,6465,95.65,n
3237,6466,108.73,x
3238,6468,101.59,h
3239,6472,88.28,z
3240,6475,104.79,n
3241,6476,107.46,i
3242,6477,87.51,m
3243,6478,98.45,h
3244,6480,114.33,ak
3245,6482,112.08,as
3246,6483,89.33,y
3247,6485,96.12,s
3248,6486,111.24,x
3249,6487,87.83,n
3250,6488,114.92,j
3251,6489,86.86,t
3252,6490,108.12,ak
3253,6491,90.89,al
3254,6492,106.2,w
3255,6493,98.05,t
3256,6494,75.71,az
3257,6497,86.03,e
3258,6498,113.24,x
3259,6499,89.46,n
3260,6500,114.43,at
3261,6501,89.35,y
3262,6502,108.24,ak
3263,6503,100.11,z
3264,6504,104.73,v
3265,6507,99.95,ay
3266,6511,91.08,o
3267,6516,103.43,j
3268,6517,90.69,f
3269,6518,100.22,h
3270,6520,107.05,ak
3271,6522,102.91,ay
3272,6524,93.28,z
3273,6527,96.79,ay
3274,6530,89.31,t
3275,6532,88.1,z
3276,6538,90.28,t
3277,6539,74.27,az
3278,6542,91.85,f
3279,6543,97.96,d
3280,6544,86.61,z
3281,6545,90.01,z
3282,6546,121.11,ay
3283,6549,88.84,n
3284,6550,106.64,x
3285,6552,108.94,y
3286,6554,93.52,f
3287,6557,105.08,aj
3288,6558,90.79,z
3289,6559,129.45,ak
3290,6560,88.05,t
3291,6562,90.51,y
3292,6563,106.41,ak
3293,6566,119.47,ap
3294,6567,100.46,ay
3295,6570,91.29,e
3296,6571,106.88,x
3297,6572,90.7,o
3298,6575,79.81,az
3299,6576,90.64,t
3300,6578,87.05,y
3301,6580,89.89,f
3302,6583,86.07,f
3303,6584,109.09,h
3304,6587,110.89,h
3305,6588,90.1,o
3306,6591,101.82,t
3307,6592,110.85,w
3308,6596,92.84,m
3309,6597,89.47,n
3310,6598,107.87,j
3311,6605,77.68,az
3312,6606,92.97,t
3313,6610,101.76,ay
3314,6612,94.12,n
3315,6615,116.93,ak
3316,6620,88.23,o
3317,6622,93.22,f
3318,6623,107.05,j
3319,6624,88.68,o
3320,6625,115.94,h
3321,6626,88.61,u
3322,6628,90.75,z
3323,6630,92.63,z
3324,6632,113.72,ak
3325,6633,116.93,ak
3326,6635,98.67,ay
3327,6637,103.34,ay
3328,6640,94.45,y
3329,6643,100.09,d
3330,6644,89.35,u
3331,6645,108.86,x
3332,6646,87.46,l
3333,6647,110.84,h
3334,6648,90.7,f
3335,6649,112.89,j
3336,6650,95.97,n
3337,6652,89.19,f
3338,6653,111.21,j
3339,6655,98.97,y
3340,6656,109.99,j
3341,6658,111.65,ay
3342,6659,89.54,f
3343,6660,100.35,h
3344,6661,88.97,o
3345,6662,113.03,x
3346,6664,102.65,z
3347,6667,110.14,j
3348,6672,99.54,aj
3349,6674,110.58,w
3350,6678,111.33,ak
3351,6682,100.27,o
3352,6683,101.62,ay
3353,6684,92.16,u
3354,6686,90.6,o
3355,6687,101.76,ay
3356,6691,98.33,f
3357,6695,91.3,y
3358,6696,135.48,ak
3359,6697,90.85,y
3360,6703,111.55,w
3361,6705,107.86,aw
3362,6706,87.85,z
3363,6708,96.1,n
3364,6709,91.46,f
3365,6710,108.76,x
3366,6711,118.93,s
3367,6714,108.21,ak
3368,6716,105.82,y
3369,6717,108.19,x
3370,6718,94.62,f
3371,6719,110.46,j
3372,6720,88.98,n
3373,6726,108.84,e
3374,6727,109.93,x
3375,6728,104.89,ad
3376,6729,99.65,aj
3377,6730,103.19,aj
3378,6732,110.43,y
3379,6733,107.74,ap
3380,6734,111.59,w
3381,6740,91.38,f
3382,6742,91.17,z
3383,6744,109.6,x
3384,6746,107.53,x
3385,6748,74.99,az
3386,6754,86.25,y
3387,6758,91.16,z
3388,6760,88.59,t
3389,6762,117.52,ak
3390,6767,85.55,y
3391,6769,89.88,e
3392,6770,117.36,at
3393,6772,113.8,a
3394,6775,92.42,f
3395,6776,106.5,i
3396,6777,105.49,z
3397,6780,118.27,ak
3398,6782,112.05,j
3399,6783,92.73,o
3400,6785,108.83,ak
3401,6788,98.91,d
3402,6789,95.5,m
3403,6791,104.82,x
3404,6792,88.28,f
3405,6794,91.99,z
3406,6796,73.74,az
3407,6797,85.44,s
3408,6799,89.94,y
3409,6800,109.67,w
3410,6801,89.06,b
3411,6802,98.13,ay
3412,6803,92.55,o
3413,6804,118.31,au
3414,6805,114.23,f
3415,6808,94.1,o
3416,6809,100.59,ay
3417,6811,108.97,x
3418,6812,75.85,az
3419,6813,89.08,y
3420,6814,89.34,t
3421,6821,108.68,j
3422,6826,109.64,x
3423,6827,88.05,t
3424,6830,86.61,n
3425,6835,112.8,w
3426,6839,107.43,ap
3427,6841,89.28,u
3428,6842,112.83,x
3429,6844,107.38,ak
3430,6848,92.05,z
3431,6849,96.49,aj
3432,6850,87.12,b
3433,6854,89.2,f
3434,6855,107.14,j
3435,6856,88.08,n
3436,6857,109.7,x
3437,6859,101.99,ay
3438,6860,96.98,z
3439,6862,90.84,s
3440,6871,103.11,n
3441,6872,110.16,ap
3442,6873,139.07,f
3443,6876,92.44,e
3444,6879,109.42,j
3445,6881,96.82,ay
3446,6882,98.81,az
3447,6885,104.18,x
3448,6887,109.66,w
3449,6888,89.8,s
3450,6889,107.93,ak
3451,6891,96.41,ay
3452,6892,87.0,aq
3453,6895,109.31,j
3454,6896,89.69,f
3455,6897,100.11,ay
3456,6898,97.28,o
3457,6901,107.48,x
3458,6902,88.05,t
3459,6903,77.23,az
3460,6907,106.72,w
3461,6908,86.81,z
3462,6909,109.34,ak
3463,6911,111.51,w
3464,6914,93.81,e
3465,6915,100.8,z
3466,6916,96.26,v
3467,6917,97.14,z
3468,6918,98.03,d
3469,6919,76.56,az
3470,6921,129.65,w
3471,6924,89.15,aq
3472,6925,97.93,ay
3473,6929,106.1,ak
3474,6930,86.73,z
3475,6932,97.63,ay
3476,6934,107.85,x
3477,6935,88.98,n
3478,6938,95.98,y
3479,6940,92.07,t
3480,6948,89.19,f
3481,6950,89.99,o
3482,6952,87.44,ba
3483,6956,88.99,t
3484,6957,107.94,ak
3485,6958,84.76,y
3486,6959,75.19,az
3487,6960,89.94,t
3488,6961,104.55,w
3489,6962,96.56,y
3490,6965,108.74,x
3491,6967,106.45,w
3492,6969,114.23,ak
3493,6971,89.22,z
3494,6973,85.89,y
3495,6974,113.77,r
3496,6975,92.41,t
3497,6977,89.49,y
3498,6979,109.13,z
3499,6980,74.87,az
3500,6982,90.2,ai
3501,6983,98.74,aw
3502,6984,88.7,z
3503,6988,89.98,n
3504,6990,99.55,f
3505,6992,90.22,y
3506,6999,90.94,t
3507,7000,116.75,au
3508,7002,91.33,s
3509,7004,96.65,z
3510,7005,100.05,d
3511,7007,100.01,ay
3512,7009,121.57,a
3513,7015,105.03,t
3514,7016,89.62,z
3515,7020,111.49,ax
3516,7021,90.86,t
3517,7022,100.59,d
3518,7029,88.38,t
3519,7032,118.87,ap
3520,7034,89.08,z
3521,7035,73.24,az
3522,7038,110.66,x
3523,7040,106.93,ay
3524,7041,96.79,o
3525,7042,101.17,ay
3526,7043,110.59,x
3527,7047,124.6,as
3528,7048,92.04,t
3529,7052,91.57,ai
3530,7053,88.46,s
3531,7056,108.8,ap
3532,7058,112.26,at
3533,7059,96.6,n
3534,7062,109.81,w
3535,7065,97.74,z
3536,7066,100.1,ay
3537,7068,112.19,x
3538,7069,89.59,n
3539,7070,109.85,j
3540,7072,101.9,aj
3541,7073,92.19,z
3542,7076,112.12,x
3543,7077,98.25,n
3544,7084,76.32,bc
3545,7086,107.68,w
3546,7087,100.1,s
3547,7088,113.83,ak
3548,7089,105.28,aj
3549,7090,98.04,z
3550,7091,93.17,m
3551,7093,115.32,o
3552,7095,100.78,h
3553,7096,94.84,o
3554,7097,98.75,ay
3555,7098,90.85,t
3556,7099,103.99,ak
3557,7103,87.4,s
3558,7111,97.12,t
3559,7115,90.76,y
3560,7119,118.72,ak
3561,7122,100.29,m
3562,7125,110.36,ak
3563,7126,91.52,z
3564,7128,93.17,ai
3565,7129,114.71,af
3566,7130,90.59,z
3567,7138,109.33,ak
3568,7139,93.25,al
3569,7140,94.47,z
3570,7142,104.25,ay
3571,7143,90.14,l
3572,7145,93.71,f
3573,7146,99.48,y
3574,7149,109.54,ak
3575,7153,73.83,az
3576,7155,108.23,ak
3577,7158,94.59,z
3578,7160,98.1,ay
3579,7162,107.5,w
3580,7165,91.39,o
3581,7166,120.76,a
3582,7168,93.96,t
3583,7171,107.93,ay
3584,7172,105.65,w
3585,7175,89.79,z
3586,7176,116.79,aj
3587,7183,111.17,j
3588,7190,90.8,o
3589,7192,85.74,f
3590,7194,93.51,n
3591,7195,106.88,x
3592,7196,74.17,az
3593,7198,108.83,ak
3594,7202,114.12,j
3595,7203,95.73,f
3596,7205,105.64,x
3597,7206,89.23,f
3598,7208,91.7,n
3599,7212,75.54,az
3600,7215,100.52,f
3601,7218,107.98,j
3602,7219,89.83,aq
3603,7221,104.31,n
3604,7222,110.84,ap
3605,7223,115.04,i
3606,7228,100.98,ay
3607,7229,90.41,o
3608,7230,98.12,ay
3609,7231,101.65,u
3610,7232,105.57,j
3611,7233,90.65,n
3612,7235,91.01,o
3613,7237,93.2,ad
3614,7238,94.77,t
3615,7241,98.16,aj
3616,7243,90.28,f
3617,7246,92.49,n
3618,7254,91.82,t
3619,7255,117.59,w
3620,7257,87.06,am
3621,7258,99.48,aj
3622,7259,90.27,t
3623,7262,88.59,s
3624,7263,106.97,x
3625,7265,96.19,ay
3626,7266,121.31,z
3627,7267,92.83,t
3628,7268,97.07,aj
3629,7271,108.61,j
3630,7272,106.77,m
3631,7274,88.86,n
3632,7275,107.44,x
3633,7276,91.63,s
3634,7277,116.13,ak
3635,7278,88.34,o
3636,7280,87.22,n
3637,7282,89.06,f
3638,7283,128.3,j
3639,7288,105.06,x
3640,7290,91.4,al
3641,7291,106.82,ak
3642,7294,88.93,al
3643,7295,111.02,ak
3644,7300,87.24,t
3645,7302,131.67,j
3646,7303,89.18,f
3647,7305,91.49,y
3648,7307,119.38,ay
3649,7310,110.5,i
3650,7311,107.47,ak
3651,7315,109.66,ak
3652,7317,112.34,ak
3653,7318,89.12,y
3654,7320,93.39,z
3655,7322,116.28,ak
3656,7326,101.52,ay
3657,7327,90.02,o
3658,7329,91.41,t
3659,7331,103.32,ay
3660,7332,115.0,o
3661,7333,107.63,ay
3662,7335,128.8,ap
3663,7336,90.51,n
3664,7340,106.96,x
3665,7343,92.59,n
3666,7346,87.58,n
3667,7348,103.7,m
3668,7351,75.86,bc
3669,7352,87.9,y
3670,7354,88.0,s
3671,7359,104.85,aj
3672,7361,112.89,ak
3673,7362,110.32,ay
3674,7365,111.16,j
3675,7367,96.96,ay
3676,7371,93.71,t
3677,7372,108.58,j
3678,7376,109.51,d
3679,7378,104.69,ak
3680,7381,90.58,n
3681,7384,106.47,x
3682,7387,89.06,o
3683,7388,104.87,x
3684,7389,91.13,f
3685,7390,100.21,ay
3686,7392,100.39,d
3687,7393,93.83,f
3688,7395,86.66,z
3689,7398,111.64,aj
3690,7401,86.27,o
3691,7402,96.53,ay
3692,7404,92.58,z
3693,7406,116.13,ap
3694,7407,90.21,e
3695,7409,94.68,n
3696,7410,103.93,x
3697,7411,84.48,f
3698,7412,108.15,i
3699,7413,91.16,n
3700,7415,114.16,m
3701,7418,102.51,w
3702,7424,91.56,ai
3703,7426,107.05,x
3704,7427,105.73,n
3705,7428,116.68,ap
3706,7429,104.57,ak
3707,7431,100.33,h
3708,7435,84.8,y
3709,7439,89.35,z
3710,7443,91.88,z
3711,7444,88.77,t
3712,7447,91.65,f
3713,7449,109.17,z
3714,7452,111.85,w
3715,7453,94.41,y
3716,7456,97.34,y
3717,7458,94.53,z
3718,7460,90.03,f
3719,7461,105.46,j
3720,7463,105.65,x
3721,7468,89.05,t
3722,7470,87.49,y
3723,7471,84.86,az
3724,7474,91.4,o
3725,7475,97.02,h
3726,7476,92.98,ai
3727,7477,92.51,z
3728,7478,97.87,ay
3729,7481,89.79,o
3730,7482,98.64,ay
3731,7483,94.1,f
3732,7485,90.05,n
3733,7486,105.91,x
3734,7487,90.98,f
3735,7488,100.21,ay
3736,7489,88.15,o
3737,7490,118.44,ap
3738,7492,126.17,ay
3739,7493,77.5,az
3740,7496,101.56,ay
3741,7497,91.17,o
3742,7498,92.64,f
3743,7499,109.67,ay
3744,7500,155.62,x
3745,7502,108.16,x
3746,7506,99.8,aj
3747,7507,87.8,t
3748,7512,114.08,ak
3749,7513,87.52,z
3750,7514,98.85,ay
3751,7520,102.71,h
3752,7523,102.45,z
3753,7525,89.05,t
3754,7530,95.72,ay
3755,7531,91.77,f
3756,7532,111.91,ap
3757,7533,85.86,y
3758,7535,88.19,y
3759,7536,75.38,az
3760,7539,109.21,w
3761,7542,117.71,y
3762,7543,107.34,j
3763,7544,89.12,e
3764,7546,98.44,y
3765,7547,108.2,w
3766,7548,84.22,s
3767,7549,110.88,as
3768,7550,90.2,z
3769,7552,97.16,n
3770,7556,75.41,az
3771,7557,114.73,w
3772,7558,91.92,y
3773,7559,136.75,w
3774,7560,90.46,ba
3775,7563,106.74,j
3776,7568,90.99,t
3777,7573,90.18,z
3778,7575,90.24,z
3779,7576,102.39,aj
3780,7577,86.94,t
3781,7580,108.58,x
3782,7581,86.47,e
3783,7582,105.41,x
3784,7583,110.05,j
3785,7584,92.57,y
3786,7585,109.11,ax
3787,7588,90.11,z
3788,7589,100.61,h
3789,7591,114.44,h
3790,7592,93.67,o
3791,7596,109.18,w
3792,7597,92.59,f
3793,7598,97.97,d
3794,7599,90.78,z
3795,7605,107.37,ak
3796,7607,108.06,af
3797,7609,87.14,m
3798,7610,105.18,d
3799,7611,98.56,z
3800,7612,108.41,a
3801,7614,94.4,y
3802,7620,88.63,f
3803,7621,114.46,au
3804,7629,104.22,z
3805,7630,99.86,d
3806,7638,88.13,n
3807,7641,103.91,z
3808,7642,98.61,aj
3809,7643,99.35,t
3810,7646,120.9,as
3811,7647,89.34,t
3812,7651,99.06,f
3813,7654,105.4,j
3814,7656,114.01,x
3815,7657,101.12,ay
3816,7658,94.86,z
3817,7660,91.88,s
3818,7661,116.36,ak
3819,7663,111.22,ak
3820,7665,104.95,w
3821,7667,101.32,v
3822,7671,103.9,ay
3823,7674,90.01,o
3824,7675,108.4,ay
3825,7676,96.93,f
3826,7677,90.22,l
3827,7681,92.25,z
3828,7682,105.54,ax
3829,7684,114.47,ak
3830,7686,89.46,n
3831,7687,120.12,a
3832,7689,95.75,h
3833,7691,110.74,j
3834,7694,78.1,az
3835,7697,106.82,i
3836,7700,92.34,o
3837,7701,115.31,j
3838,7705,97.32,ay
3839,7706,87.25,f
3840,7708,92.31,y
3841,7709,115.18,w
3842,7710,89.26,t
3843,7711,112.76,aj
3844,7712,90.91,z
3845,7714,100.68,ai
3846,7716,88.83,z
3847,7720,92.2,z
3848,7723,115.33,h
3849,7724,88.86,f
3850,7726,89.28,o
3851,7728,90.18,f
3852,7729,99.12,ay
3853,7731,92.81,y
3854,7732,112.53,ap
3855,7734,88.58,ba
3856,7736,90.42,o
3857,7737,115.88,ao
3858,7738,87.99,t
3859,7739,85.2,n
3860,7743,88.32,f
3861,7745,88.7,n
3862,7746,112.32,j
3863,7748,104.18,ay
3864,7749,87.75,z
3865,7751,92.38,s
3866,7753,88.72,y
3867,7755,92.41,t
3868,7759,105.28,aq
3869,7762,118.86,ax
3870,7764,100.03,d
3871,7766,97.98,h
3872,7769,99.86,ay
3873,7770,77.41,az
3874,7772,107.16,ak
3875,7775,90.45,f
3876,7777,108.43,w
3877,7778,94.27,ay
3878,7780,100.49,ay
3879,7781,111.34,ap
3880,7782,110.1,x
3881,7784,103.5,x
3882,7785,75.39,az
3883,7788,106.19,j
3884,7790,105.29,ay
3885,7792,93.86,d
3886,7796,109.99,j
3887,7797,88.96,f
3888,7798,97.09,d
3889,7801,100.37,d
3890,7803,104.89,x
3891,7804,94.41,e
3892,7806,89.37,t
3893,7809,104.93,x
3894,7810,90.53,f
3895,7812,73.36,az
3896,7813,89.04,am
3897,7814,95.74,ay
3898,7815,104.42,f
3899,7816,126.52,x
3900,7820,85.59,y
3901,7821,113.91,w
3902,7824,87.14,y
3903,7826,83.96,f
3904,7827,113.65,ap
3905,7829,103.31,x
3906,7830,84.72,f
3907,7831,108.7,j
3908,7836,100.93,h
3909,7838,112.88,ak
3910,7839,105.76,af
3911,7841,121.22,ak
3912,7845,100.68,h
3913,7847,125.45,ak
3914,7848,88.28,al
3915,7849,109.62,ak
3916,7851,77.11,az
3917,7852,89.14,y
3918,7854,92.02,t
3919,7856,86.93,n
3920,7857,105.43,x
3921,7859,98.01,ay
3922,7860,102.29,w
3923,7861,108.08,x
3924,7862,91.32,e
3925,7864,122.28,y
3926,7867,108.71,w
3927,7870,92.02,z
3928,7873,87.91,o
3929,7875,90.49,m
3930,7876,113.83,a
3931,7880,85.82,t
3932,7882,106.16,j
3933,7884,102.56,ay
3934,7887,112.36,ap
3935,7888,97.85,v
3936,7892,106.02,ak
3937,7895,92.8,o
3938,7897,87.76,f
3939,7899,84.9,al
3940,7900,108.9,x
3941,7903,92.43,y
3942,7907,93.77,n
3943,7908,110.74,x
3944,7911,112.49,ap
3945,7912,103.86,x
3946,7914,110.57,j
3947,7915,92.11,m
3948,7916,109.38,ay
3949,7917,88.6,am
3950,7920,73.76,az
3951,7921,110.93,ay
3952,7922,105.72,ak
3953,7924,104.09,ak
3954,7926,113.67,ak
3955,7928,107.65,w
3956,7929,92.97,d
3957,7931,96.44,ay
3958,7934,75.86,az
3959,7936,86.1,e
3960,7937,103.32,x
3961,7938,100.12,o
3962,7940,87.71,f
3963,7941,102.91,x
3964,7944,86.38,f
3965,7947,101.18,ay
3966,7952,115.15,al
3967,7953,88.75,z
3968,7954,96.87,f
3969,7956,87.22,z
3970,7957,84.12,f
3971,7958,99.74,h
3972,7963,87.2,z
3973,7969,74.62,az
3974,7970,89.96,am
3975,7972,88.85,t
3976,7973,110.44,ap
3977,7975,110.71,ak
3978,7977,94.88,am
3979,7979,87.84,s
3980,7980,142.46,w
3981,7981,93.31,y
3982,7985,106.36,w
3983,7987,74.08,az
3984,7988,90.44,z
3985,7990,86.41,e
3986,7996,117.4,w
3987,8000,86.77,z
3988,8001,121.84,w
3989,8003,109.32,ak
3990,8004,101.81,t
3991,8005,103.08,d
3992,8006,76.64,az
3993,8008,103.62,w
3994,8010,107.44,ak
3995,8012,107.13,w
3996,8014,108.82,w
3997,8016,92.9,ba
3998,8018,87.68,al
3999,8020,100.9,ay
4000,8021,97.71,o
4001,8022,103.06,ay
4002,8025,94.01,y
4003,8028,115.41,ak
4004,8032,77.77,az
4005,8034,108.43,j
4006,8037,93.59,o
4007,8038,88.38,t
4008,8040,89.25,am
4009,8041,108.69,ak
4010,8043,109.58,x
4011,8045,111.58,ap
4012,8047,88.53,al
4013,8051,90.18,o
4014,8052,96.76,ay
4015,8055,105.36,x
4016,8056,89.38,l
4017,8057,106.58,j
4018,8058,89.46,y
4019,8060,74.75,az
4020,8063,92.22,m
4021,8065,92.48,n
4022,8069,106.4,d
4023,8073,82.44,az
4024,8074,91.81,t
4025,8075,115.45,ak
4026,8077,109.09,w
4027,8078,86.18,z
4028,8079,110.22,x
4029,8082,91.3,o
4030,8083,103.85,h
4031,8085,99.38,ay
4032,8086,89.71,o
4033,8088,108.57,w
4034,8092,111.86,x
4035,8093,111.68,j
4036,8095,94.99,ba
4037,8096,86.4,z
4038,8097,105.78,ak
4039,8098,89.06,al
4040,8099,115.14,x
4041,8102,106.62,j
4042,8103,99.66,h
4043,8104,125.1,x
4044,8105,95.5,f
4045,8106,101.69,ay
4046,8107,87.94,z
4047,8108,89.68,t
4048,8109,97.93,ay
4049,8113,100.87,ay
4050,8114,93.5,f
4051,8117,114.58,w
4052,8119,87.33,f
4053,8120,118.41,h
4054,8122,98.37,z
4055,8123,106.0,af
4056,8124,89.58,y
4057,8126,88.51,t
4058,8130,109.5,x
4059,8132,97.99,h
4060,8133,75.9,az
4061,8134,111.1,al
4062,8135,112.12,x
4063,8136,115.88,f
4064,8137,104.72,ay
4065,8144,91.94,s
4066,8147,114.8,ak
4067,8149,87.13,f
4068,8150,98.86,d
4069,8151,121.65,ap
4070,8152,86.04,al
4071,8156,85.68,o
4072,8157,91.38,o
4073,8158,103.93,x
4074,8159,88.71,ba
4075,8160,103.07,aj
4076,8164,105.68,ak
4077,8165,110.58,t
4078,8167,86.96,y
4079,8169,92.26,t
4080,8171,112.97,ak
4081,8174,104.88,j
4082,8175,88.51,f
4083,8177,89.6,o
4084,8178,97.43,d
4085,8180,99.68,aj
4086,8183,95.1,y
4087,8185,89.93,t
4088,8186,100.89,aj
4089,8187,101.34,z
4090,8188,111.83,aj
4091,8189,90.84,t
4092,8192,100.04,d
4093,8193,86.51,f
4094,8195,85.09,y
4095,8197,88.65,y
4096,8200,89.06,y
4097,8203,88.03,y
4098,8204,103.89,w
4099,8205,92.22,y
4100,8206,106.05,ak
4101,8209,73.25,az
4102,8210,90.13,t
4103,8212,90.11,z
4104,8213,107.29,aw
4105,8215,92.72,f
4106,8216,113.1,ap
4107,8219,100.08,n
4108,8220,85.17,n
4109,8221,114.58,x
4110,8223,118.41,j
4111,8224,85.14,n
4112,8225,112.32,x
4113,8226,97.74,ay
4114,8227,88.25,f
4115,8228,85.91,z
4116,8230,105.29,j
4117,8232,106.38,w
4118,8234,112.03,aw
4119,8235,108.72,j
4120,8237,88.66,al
4121,8239,91.11,z
4122,8241,89.38,f
4123,8242,85.91,z
4124,8244,117.85,ap
4125,8245,90.82,z
4126,8247,87.78,s
4127,8248,108.05,w
4128,8249,93.8,z
4129,8251,118.54,x
4130,8252,84.42,s
4131,8253,106.79,ak
4132,8255,108.66,ay
4133,8259,105.04,j
4134,8262,93.5,al
4135,8265,95.58,ay
4136,8266,96.11,u
4137,8269,102.86,j
4138,8270,107.29,f
4139,8273,104.26,w
4140,8274,86.48,al
4141,8283,88.63,al
4142,8284,106.3,ak
4143,8285,85.84,t
4144,8286,94.91,al
4145,8290,88.44,f
4146,8291,99.91,al
4147,8292,77.38,az
4148,8293,106.53,x
4149,8295,111.15,w
4150,8297,105.61,ak
4151,8298,89.04,n
4152,8300,103.62,x
4153,8301,94.71,o
4154,8303,88.51,z
4155,8304,106.34,w
4156,8305,89.53,y
4157,8306,82.79,az
4158,8307,87.43,t
4159,8309,88.54,y
4160,8310,108.75,j
4161,8311,96.45,z
4162,8312,99.74,ay
4163,8313,104.42,j
4164,8318,88.77,t
4165,8322,105.1,x
4166,8324,99.52,h
4167,8327,91.76,y
4168,8329,91.96,f
4169,8333,93.83,ay
4170,8335,96.85,t
4171,8336,118.81,x
4172,8337,76.44,az
4173,8340,101.86,ak
4174,8342,104.29,ak
4175,8343,87.23,z
4176,8344,149.52,ak
4177,8348,106.61,j
4178,8350,99.68,ay
4179,8354,85.93,al
4180,8356,90.45,ba
4181,8357,90.06,y
4182,8362,90.38,z
4183,8367,95.56,z
4184,8368,109.0,w
4185,8369,109.64,ak
4186,8371,131.98,j
4187,8373,98.15,aj
4188,8374,102.33,f
4189,8375,102.42,aj
4190,8378,89.11,n
4191,8382,88.93,z
4192,8383,103.03,aj
4193,8384,107.24,ak
4194,8385,91.13,z
4195,8387,86.23,o
4196,8390,99.93,y
4197,8392,89.25,z
4198,8393,97.09,aw
4199,8395,88.24,t
4200,8397,108.59,z
4201,8399,107.39,w
4202,8402,123.34,ap
4203,8403,85.71,aq
4204,8405,107.39,ak
4205,8406,108.77,j
4206,8412,109.22,ak
4207,8415,87.48,al
4208,8417,110.85,z
